--------------------------------------------------------
--  File created - utorak-travnja-02-2024   
--------------------------------------------------------
DROP TABLE "WEB_TRGOVINA"."DRŽAVE";
DROP TABLE "WEB_TRGOVINA"."DRŽAVE_KONTINENTI";
DROP TABLE "WEB_TRGOVINA"."FUNKCIJE_ZAPOSLENIKA";
DROP TABLE "WEB_TRGOVINA"."GRADOVI";
DROP TABLE "WEB_TRGOVINA"."KATEGORIJE";
DROP TABLE "WEB_TRGOVINA"."KONTINENTI";
DROP TABLE "WEB_TRGOVINA"."KORISNICI";
DROP TABLE "WEB_TRGOVINA"."KORISNICI_KATEGORIJE";
DROP TABLE "WEB_TRGOVINA"."PROIZVODI";
DROP TABLE "WEB_TRGOVINA"."PROIZVODI_SKLADIŠTA";
DROP TABLE "WEB_TRGOVINA"."RAÈUNI";
DROP TABLE "WEB_TRGOVINA"."RAÈUNI_PROIZVODI";
DROP TABLE "WEB_TRGOVINA"."SKLADIŠTA";
DROP TABLE "WEB_TRGOVINA"."SPOLOVI";
DROP TABLE "WEB_TRGOVINA"."VALUTE";
DROP TABLE "WEB_TRGOVINA"."ZAPOSLENICI";
--------------------------------------------------------
--  DDL for Table DRŽAVE
--------------------------------------------------------

  CREATE TABLE "WEB_TRGOVINA"."DRŽAVE" 
   (	"ID_DRŽAVE" NUMBER(9,0), 
	"NAZIV_DRŽAVE" VARCHAR2(15 CHAR)
   ) SEGMENT CREATION IMMEDIATE 
  PCTFREE 10 PCTUSED 40 INITRANS 1 MAXTRANS 255 NOCOMPRESS LOGGING
  STORAGE(INITIAL 65536 NEXT 1048576 MINEXTENTS 1 MAXEXTENTS 2147483645
  PCTINCREASE 0 FREELISTS 1 FREELIST GROUPS 1 BUFFER_POOL DEFAULT FLASH_CACHE DEFAULT CELL_FLASH_CACHE DEFAULT)
  TABLESPACE "SYSTEM" ;
--------------------------------------------------------
--  DDL for Table DRŽAVE_KONTINENTI
--------------------------------------------------------

  CREATE TABLE "WEB_TRGOVINA"."DRŽAVE_KONTINENTI" 
   (	"DRŽAVE_ID_DRŽAVE" NUMBER(9,0), 
	"KONTINENTI_ID_KONTINENTI" NUMBER(9,0)
   ) SEGMENT CREATION IMMEDIATE 
  PCTFREE 10 PCTUSED 40 INITRANS 1 MAXTRANS 255 NOCOMPRESS LOGGING
  STORAGE(INITIAL 65536 NEXT 1048576 MINEXTENTS 1 MAXEXTENTS 2147483645
  PCTINCREASE 0 FREELISTS 1 FREELIST GROUPS 1 BUFFER_POOL DEFAULT FLASH_CACHE DEFAULT CELL_FLASH_CACHE DEFAULT)
  TABLESPACE "SYSTEM" ;
--------------------------------------------------------
--  DDL for Table FUNKCIJE_ZAPOSLENIKA
--------------------------------------------------------

  CREATE TABLE "WEB_TRGOVINA"."FUNKCIJE_ZAPOSLENIKA" 
   (	"ID_FUNKCIJA_ZAPOSLENIKA" NUMBER(9,0), 
	"NAZIV_FUNKCIJE" VARCHAR2(20 CHAR), 
	"OD_KAD" DATE, 
	"DO_KAD" DATE
   ) SEGMENT CREATION IMMEDIATE 
  PCTFREE 10 PCTUSED 40 INITRANS 1 MAXTRANS 255 NOCOMPRESS LOGGING
  STORAGE(INITIAL 65536 NEXT 1048576 MINEXTENTS 1 MAXEXTENTS 2147483645
  PCTINCREASE 0 FREELISTS 1 FREELIST GROUPS 1 BUFFER_POOL DEFAULT FLASH_CACHE DEFAULT CELL_FLASH_CACHE DEFAULT)
  TABLESPACE "SYSTEM" ;
--------------------------------------------------------
--  DDL for Table GRADOVI
--------------------------------------------------------

  CREATE TABLE "WEB_TRGOVINA"."GRADOVI" 
   (	"ID_GRAD" NUMBER(9,0), 
	"POŠTANSKI_BROJ" VARCHAR2(10 CHAR), 
	"DRŽAVE_ID_DRŽAVE" NUMBER(9,0), 
	"NAZIV_GRADA" VARCHAR2(30 CHAR)
   ) SEGMENT CREATION IMMEDIATE 
  PCTFREE 10 PCTUSED 40 INITRANS 1 MAXTRANS 255 NOCOMPRESS LOGGING
  STORAGE(INITIAL 65536 NEXT 1048576 MINEXTENTS 1 MAXEXTENTS 2147483645
  PCTINCREASE 0 FREELISTS 1 FREELIST GROUPS 1 BUFFER_POOL DEFAULT FLASH_CACHE DEFAULT CELL_FLASH_CACHE DEFAULT)
  TABLESPACE "SYSTEM" ;
--------------------------------------------------------
--  DDL for Table KATEGORIJE
--------------------------------------------------------

  CREATE TABLE "WEB_TRGOVINA"."KATEGORIJE" 
   (	"ID_KATEGORIJE" NUMBER(9,0), 
	"NAZIV_KATEGORIJE" VARCHAR2(20 CHAR)
   ) SEGMENT CREATION IMMEDIATE 
  PCTFREE 10 PCTUSED 40 INITRANS 1 MAXTRANS 255 NOCOMPRESS LOGGING
  STORAGE(INITIAL 65536 NEXT 1048576 MINEXTENTS 1 MAXEXTENTS 2147483645
  PCTINCREASE 0 FREELISTS 1 FREELIST GROUPS 1 BUFFER_POOL DEFAULT FLASH_CACHE DEFAULT CELL_FLASH_CACHE DEFAULT)
  TABLESPACE "SYSTEM" ;
--------------------------------------------------------
--  DDL for Table KONTINENTI
--------------------------------------------------------

  CREATE TABLE "WEB_TRGOVINA"."KONTINENTI" 
   (	"ID_KONTINENTI" NUMBER(9,0), 
	"NAZIV_KONTINENTA" VARCHAR2(15 CHAR)
   ) SEGMENT CREATION IMMEDIATE 
  PCTFREE 10 PCTUSED 40 INITRANS 1 MAXTRANS 255 NOCOMPRESS LOGGING
  STORAGE(INITIAL 65536 NEXT 1048576 MINEXTENTS 1 MAXEXTENTS 2147483645
  PCTINCREASE 0 FREELISTS 1 FREELIST GROUPS 1 BUFFER_POOL DEFAULT FLASH_CACHE DEFAULT CELL_FLASH_CACHE DEFAULT)
  TABLESPACE "SYSTEM" ;
--------------------------------------------------------
--  DDL for Table KORISNICI
--------------------------------------------------------

  CREATE TABLE "WEB_TRGOVINA"."KORISNICI" 
   (	"ID_KORISNIK" NUMBER(9,0), 
	"UKUPNO_PLAÆENO" NUMBER(20,2), 
	"KARTICA" VARCHAR2(15 CHAR), 
	"GRADOVI_ID_GRAD" NUMBER(9,0), 
	"IME" VARCHAR2(30 CHAR), 
	"PREZIME" VARCHAR2(30 CHAR), 
	"e-mail" VARCHAR2(30 CHAR), 
	"ADRESA" VARCHAR2(30 CHAR), 
	"OIB" VARCHAR2(15 CHAR), 
	"DATUM_ROÐENJA" DATE, 
	"SPOLOVI_ID_SPOL" NUMBER(9,0)
   ) SEGMENT CREATION IMMEDIATE 
  PCTFREE 10 PCTUSED 40 INITRANS 1 MAXTRANS 255 NOCOMPRESS LOGGING
  STORAGE(INITIAL 65536 NEXT 1048576 MINEXTENTS 1 MAXEXTENTS 2147483645
  PCTINCREASE 0 FREELISTS 1 FREELIST GROUPS 1 BUFFER_POOL DEFAULT FLASH_CACHE DEFAULT CELL_FLASH_CACHE DEFAULT)
  TABLESPACE "SYSTEM" ;
--------------------------------------------------------
--  DDL for Table KORISNICI_KATEGORIJE
--------------------------------------------------------

  CREATE TABLE "WEB_TRGOVINA"."KORISNICI_KATEGORIJE" 
   (	"REKLAMA" VARCHAR2(50 CHAR), 
	"KATEGORIJE_ID_KATEGORIJE" NUMBER(9,0), 
	"KORISNICI_ID_KORISNIK" NUMBER(9,0)
   ) SEGMENT CREATION IMMEDIATE 
  PCTFREE 10 PCTUSED 40 INITRANS 1 MAXTRANS 255 NOCOMPRESS LOGGING
  STORAGE(INITIAL 65536 NEXT 1048576 MINEXTENTS 1 MAXEXTENTS 2147483645
  PCTINCREASE 0 FREELISTS 1 FREELIST GROUPS 1 BUFFER_POOL DEFAULT FLASH_CACHE DEFAULT CELL_FLASH_CACHE DEFAULT)
  TABLESPACE "SYSTEM" ;
--------------------------------------------------------
--  DDL for Table PROIZVODI
--------------------------------------------------------

  CREATE TABLE "WEB_TRGOVINA"."PROIZVODI" 
   (	"ID_PROIZVOD" NUMBER(9,0), 
	"NAZIV_PROIZVODA" VARCHAR2(30 CHAR), 
	"OPIS_PROIZVODA" VARCHAR2(100 CHAR), 
	"CIJENA" NUMBER(6,2), 
	"KATEGORIJE_ID_KATEGORIJE" NUMBER(9,0)
   ) SEGMENT CREATION IMMEDIATE 
  PCTFREE 10 PCTUSED 40 INITRANS 1 MAXTRANS 255 NOCOMPRESS LOGGING
  STORAGE(INITIAL 65536 NEXT 1048576 MINEXTENTS 1 MAXEXTENTS 2147483645
  PCTINCREASE 0 FREELISTS 1 FREELIST GROUPS 1 BUFFER_POOL DEFAULT FLASH_CACHE DEFAULT CELL_FLASH_CACHE DEFAULT)
  TABLESPACE "SYSTEM" ;
--------------------------------------------------------
--  DDL for Table PROIZVODI_SKLADIŠTA
--------------------------------------------------------

  CREATE TABLE "WEB_TRGOVINA"."PROIZVODI_SKLADIŠTA" 
   (	"PROIZVODI_ID_PROIZVOD" NUMBER(9,0), 
	"SKLADIŠTA_ID_SKLADIŠTE" NUMBER(9,0), 
	"KOLIÈINA" NUMBER(8,0)
   ) SEGMENT CREATION IMMEDIATE 
  PCTFREE 10 PCTUSED 40 INITRANS 1 MAXTRANS 255 NOCOMPRESS LOGGING
  STORAGE(INITIAL 65536 NEXT 1048576 MINEXTENTS 1 MAXEXTENTS 2147483645
  PCTINCREASE 0 FREELISTS 1 FREELIST GROUPS 1 BUFFER_POOL DEFAULT FLASH_CACHE DEFAULT CELL_FLASH_CACHE DEFAULT)
  TABLESPACE "SYSTEM" ;
--------------------------------------------------------
--  DDL for Table RAÈUNI
--------------------------------------------------------

  CREATE TABLE "WEB_TRGOVINA"."RAÈUNI" 
   (	"ID_RAÈUNI" NUMBER(9,0), 
	"DATUM_KUPNJE" DATE, 
	"NAÈIN_PLAÆANJA" CHAR(1 CHAR), 
	"KORISNICI_ID_KORISNIK" NUMBER(9,0), 
	"VALUTE_ID_VALUTA" NUMBER(9,0), 
	"ZAPOSLENICI_ID_ZAPOSLENIK" NUMBER(9,0)
   ) SEGMENT CREATION IMMEDIATE 
  PCTFREE 10 PCTUSED 40 INITRANS 1 MAXTRANS 255 NOCOMPRESS LOGGING
  STORAGE(INITIAL 65536 NEXT 1048576 MINEXTENTS 1 MAXEXTENTS 2147483645
  PCTINCREASE 0 FREELISTS 1 FREELIST GROUPS 1 BUFFER_POOL DEFAULT FLASH_CACHE DEFAULT CELL_FLASH_CACHE DEFAULT)
  TABLESPACE "SYSTEM" ;
--------------------------------------------------------
--  DDL for Table RAÈUNI_PROIZVODI
--------------------------------------------------------

  CREATE TABLE "WEB_TRGOVINA"."RAÈUNI_PROIZVODI" 
   (	"ID_STAVKA" NUMBER(9,0), 
	"KOLIÈINA" NUMBER(7,0), 
	"PROIZVODI_ID_PROIZVOD" NUMBER(9,0), 
	"RAÈUNI_ID_RAÈUNI" NUMBER(9,0)
   ) SEGMENT CREATION IMMEDIATE 
  PCTFREE 10 PCTUSED 40 INITRANS 1 MAXTRANS 255 NOCOMPRESS LOGGING
  STORAGE(INITIAL 65536 NEXT 1048576 MINEXTENTS 1 MAXEXTENTS 2147483645
  PCTINCREASE 0 FREELISTS 1 FREELIST GROUPS 1 BUFFER_POOL DEFAULT FLASH_CACHE DEFAULT CELL_FLASH_CACHE DEFAULT)
  TABLESPACE "SYSTEM" ;
--------------------------------------------------------
--  DDL for Table SKLADIŠTA
--------------------------------------------------------

  CREATE TABLE "WEB_TRGOVINA"."SKLADIŠTA" 
   (	"ID_SKLADIŠTE" NUMBER(9,0), 
	"ADRESA_SKLADIŠTA" VARCHAR2(30 CHAR), 
	"GRADOVI_ID_GRAD" NUMBER(9,0)
   ) SEGMENT CREATION IMMEDIATE 
  PCTFREE 10 PCTUSED 40 INITRANS 1 MAXTRANS 255 NOCOMPRESS LOGGING
  STORAGE(INITIAL 65536 NEXT 1048576 MINEXTENTS 1 MAXEXTENTS 2147483645
  PCTINCREASE 0 FREELISTS 1 FREELIST GROUPS 1 BUFFER_POOL DEFAULT FLASH_CACHE DEFAULT CELL_FLASH_CACHE DEFAULT)
  TABLESPACE "SYSTEM" ;
--------------------------------------------------------
--  DDL for Table SPOLOVI
--------------------------------------------------------

  CREATE TABLE "WEB_TRGOVINA"."SPOLOVI" 
   (	"ID_SPOL" NUMBER(9,0), 
	"NAZIV_SPOLA" VARCHAR2(20 CHAR), 
	"OZNAKA_SPOLA" CHAR(1 CHAR)
   ) SEGMENT CREATION IMMEDIATE 
  PCTFREE 10 PCTUSED 40 INITRANS 1 MAXTRANS 255 NOCOMPRESS LOGGING
  STORAGE(INITIAL 65536 NEXT 1048576 MINEXTENTS 1 MAXEXTENTS 2147483645
  PCTINCREASE 0 FREELISTS 1 FREELIST GROUPS 1 BUFFER_POOL DEFAULT FLASH_CACHE DEFAULT CELL_FLASH_CACHE DEFAULT)
  TABLESPACE "SYSTEM" ;
--------------------------------------------------------
--  DDL for Table VALUTE
--------------------------------------------------------

  CREATE TABLE "WEB_TRGOVINA"."VALUTE" 
   (	"ID_VALUTA" NUMBER(9,0), 
	"NAZIV_VALUTE" VARCHAR2(20 CHAR)
   ) SEGMENT CREATION IMMEDIATE 
  PCTFREE 10 PCTUSED 40 INITRANS 1 MAXTRANS 255 NOCOMPRESS LOGGING
  STORAGE(INITIAL 65536 NEXT 1048576 MINEXTENTS 1 MAXEXTENTS 2147483645
  PCTINCREASE 0 FREELISTS 1 FREELIST GROUPS 1 BUFFER_POOL DEFAULT FLASH_CACHE DEFAULT CELL_FLASH_CACHE DEFAULT)
  TABLESPACE "SYSTEM" ;
--------------------------------------------------------
--  DDL for Table ZAPOSLENICI
--------------------------------------------------------

  CREATE TABLE "WEB_TRGOVINA"."ZAPOSLENICI" 
   (	"ID_ZAPOSLENIK" NUMBER(9,0), 
	"FUNKCIJE_ZAPOSLENIKA_ID2" NUMBER(9,0), 
	"SKLADIŠTA_ID_SKLADIŠTE" NUMBER(9,0), 
	"GRADOVI_ID_GRAD" NUMBER(9,0), 
	"IME" VARCHAR2(30 CHAR), 
	"PREZIME" VARCHAR2(30 CHAR), 
	"e-mail" VARCHAR2(30 CHAR), 
	"ADRESA" VARCHAR2(30 CHAR), 
	"OIB" VARCHAR2(15 CHAR), 
	"DATUM_ROÐENJA" DATE, 
	"SPOLOVI_ID_SPOL" NUMBER(9,0), 
	"PLAÆA" NUMBER(10,2)
   ) SEGMENT CREATION IMMEDIATE 
  PCTFREE 10 PCTUSED 40 INITRANS 1 MAXTRANS 255 NOCOMPRESS LOGGING
  STORAGE(INITIAL 65536 NEXT 1048576 MINEXTENTS 1 MAXEXTENTS 2147483645
  PCTINCREASE 0 FREELISTS 1 FREELIST GROUPS 1 BUFFER_POOL DEFAULT FLASH_CACHE DEFAULT CELL_FLASH_CACHE DEFAULT)
  TABLESPACE "SYSTEM" ;
REM INSERTING into WEB_TRGOVINA."DRŽAVE"
SET DEFINE OFF;
Insert into WEB_TRGOVINA."DRŽAVE" ("ID_DRŽAVE","NAZIV_DRŽAVE") values ('1','Hrvatska');
Insert into WEB_TRGOVINA."DRŽAVE" ("ID_DRŽAVE","NAZIV_DRŽAVE") values ('3','UK');
Insert into WEB_TRGOVINA."DRŽAVE" ("ID_DRŽAVE","NAZIV_DRŽAVE") values ('4','Portugal');
Insert into WEB_TRGOVINA."DRŽAVE" ("ID_DRŽAVE","NAZIV_DRŽAVE") values ('5','Egipat');
Insert into WEB_TRGOVINA."DRŽAVE" ("ID_DRŽAVE","NAZIV_DRŽAVE") values ('6','Rusija');
Insert into WEB_TRGOVINA."DRŽAVE" ("ID_DRŽAVE","NAZIV_DRŽAVE") values ('7','Kina');
Insert into WEB_TRGOVINA."DRŽAVE" ("ID_DRŽAVE","NAZIV_DRŽAVE") values ('8','Brazil');
Insert into WEB_TRGOVINA."DRŽAVE" ("ID_DRŽAVE","NAZIV_DRŽAVE") values ('9','Francuska');
Insert into WEB_TRGOVINA."DRŽAVE" ("ID_DRŽAVE","NAZIV_DRŽAVE") values ('10','Njemaèka');
Insert into WEB_TRGOVINA."DRŽAVE" ("ID_DRŽAVE","NAZIV_DRŽAVE") values ('11','Australija');
Insert into WEB_TRGOVINA."DRŽAVE" ("ID_DRŽAVE","NAZIV_DRŽAVE") values ('12','SAD');
REM INSERTING into WEB_TRGOVINA."DRŽAVE_KONTINENTI"
SET DEFINE OFF;
Insert into WEB_TRGOVINA."DRŽAVE_KONTINENTI" ("DRŽAVE_ID_DRŽAVE",KONTINENTI_ID_KONTINENTI) values ('1','1');
Insert into WEB_TRGOVINA."DRŽAVE_KONTINENTI" ("DRŽAVE_ID_DRŽAVE",KONTINENTI_ID_KONTINENTI) values ('3','1');
Insert into WEB_TRGOVINA."DRŽAVE_KONTINENTI" ("DRŽAVE_ID_DRŽAVE",KONTINENTI_ID_KONTINENTI) values ('4','1');
Insert into WEB_TRGOVINA."DRŽAVE_KONTINENTI" ("DRŽAVE_ID_DRŽAVE",KONTINENTI_ID_KONTINENTI) values ('6','1');
Insert into WEB_TRGOVINA."DRŽAVE_KONTINENTI" ("DRŽAVE_ID_DRŽAVE",KONTINENTI_ID_KONTINENTI) values ('9','1');
Insert into WEB_TRGOVINA."DRŽAVE_KONTINENTI" ("DRŽAVE_ID_DRŽAVE",KONTINENTI_ID_KONTINENTI) values ('10','1');
Insert into WEB_TRGOVINA."DRŽAVE_KONTINENTI" ("DRŽAVE_ID_DRŽAVE",KONTINENTI_ID_KONTINENTI) values ('8','3');
Insert into WEB_TRGOVINA."DRŽAVE_KONTINENTI" ("DRŽAVE_ID_DRŽAVE",KONTINENTI_ID_KONTINENTI) values ('5','4');
Insert into WEB_TRGOVINA."DRŽAVE_KONTINENTI" ("DRŽAVE_ID_DRŽAVE",KONTINENTI_ID_KONTINENTI) values ('6','4');
Insert into WEB_TRGOVINA."DRŽAVE_KONTINENTI" ("DRŽAVE_ID_DRŽAVE",KONTINENTI_ID_KONTINENTI) values ('7','4');
Insert into WEB_TRGOVINA."DRŽAVE_KONTINENTI" ("DRŽAVE_ID_DRŽAVE",KONTINENTI_ID_KONTINENTI) values ('11','5');
Insert into WEB_TRGOVINA."DRŽAVE_KONTINENTI" ("DRŽAVE_ID_DRŽAVE",KONTINENTI_ID_KONTINENTI) values ('5','6');
Insert into WEB_TRGOVINA."DRŽAVE_KONTINENTI" ("DRŽAVE_ID_DRŽAVE",KONTINENTI_ID_KONTINENTI) values ('12','8');
REM INSERTING into WEB_TRGOVINA.FUNKCIJE_ZAPOSLENIKA
SET DEFINE OFF;
Insert into WEB_TRGOVINA.FUNKCIJE_ZAPOSLENIKA (ID_FUNKCIJA_ZAPOSLENIKA,NAZIV_FUNKCIJE,OD_KAD,DO_KAD) values ('4','Menadžment',to_date('02.02.19','DD.MM.RR'),null);
Insert into WEB_TRGOVINA.FUNKCIJE_ZAPOSLENIKA (ID_FUNKCIJA_ZAPOSLENIKA,NAZIV_FUNKCIJE,OD_KAD,DO_KAD) values ('5','Èišæenje',to_date('19.01.12','DD.MM.RR'),null);
Insert into WEB_TRGOVINA.FUNKCIJE_ZAPOSLENIKA (ID_FUNKCIJA_ZAPOSLENIKA,NAZIV_FUNKCIJE,OD_KAD,DO_KAD) values ('6','IT',to_date('31.01.20','DD.MM.RR'),null);
Insert into WEB_TRGOVINA.FUNKCIJE_ZAPOSLENIKA (ID_FUNKCIJA_ZAPOSLENIKA,NAZIV_FUNKCIJE,OD_KAD,DO_KAD) values ('7','IT',to_date('16.07.07','DD.MM.RR'),to_date('18.08.23','DD.MM.RR'));
Insert into WEB_TRGOVINA.FUNKCIJE_ZAPOSLENIKA (ID_FUNKCIJA_ZAPOSLENIKA,NAZIV_FUNKCIJE,OD_KAD,DO_KAD) values ('9','IT',to_date('12.01.13','DD.MM.RR'),null);
Insert into WEB_TRGOVINA.FUNKCIJE_ZAPOSLENIKA (ID_FUNKCIJA_ZAPOSLENIKA,NAZIV_FUNKCIJE,OD_KAD,DO_KAD) values ('10','IT',to_date('28.11.08','DD.MM.RR'),null);
Insert into WEB_TRGOVINA.FUNKCIJE_ZAPOSLENIKA (ID_FUNKCIJA_ZAPOSLENIKA,NAZIV_FUNKCIJE,OD_KAD,DO_KAD) values ('11','Skladištarenje',to_date('22.02.02','DD.MM.RR'),to_date('22.02.19','DD.MM.RR'));
Insert into WEB_TRGOVINA.FUNKCIJE_ZAPOSLENIKA (ID_FUNKCIJA_ZAPOSLENIKA,NAZIV_FUNKCIJE,OD_KAD,DO_KAD) values ('12','Skladištarenje',to_date('20.05.08','DD.MM.RR'),to_date('22.05.15','DD.MM.RR'));
Insert into WEB_TRGOVINA.FUNKCIJE_ZAPOSLENIKA (ID_FUNKCIJA_ZAPOSLENIKA,NAZIV_FUNKCIJE,OD_KAD,DO_KAD) values ('13','Skladištarenje',to_date('22.05.22','DD.MM.RR'),null);
Insert into WEB_TRGOVINA.FUNKCIJE_ZAPOSLENIKA (ID_FUNKCIJA_ZAPOSLENIKA,NAZIV_FUNKCIJE,OD_KAD,DO_KAD) values ('14','Skladištarenje',to_date('22.05.12','DD.MM.RR'),null);
Insert into WEB_TRGOVINA.FUNKCIJE_ZAPOSLENIKA (ID_FUNKCIJA_ZAPOSLENIKA,NAZIV_FUNKCIJE,OD_KAD,DO_KAD) values ('15','Skladištarenje',to_date('22.05.12','DD.MM.RR'),to_date('12.07.29','DD.MM.RR'));
REM INSERTING into WEB_TRGOVINA.GRADOVI
SET DEFINE OFF;
Insert into WEB_TRGOVINA.GRADOVI (ID_GRAD,"POŠTANSKI_BROJ","DRŽAVE_ID_DRŽAVE",NAZIV_GRADA) values ('1','21000','1','Split');
Insert into WEB_TRGOVINA.GRADOVI (ID_GRAD,"POŠTANSKI_BROJ","DRŽAVE_ID_DRŽAVE",NAZIV_GRADA) values ('2','10000','1','Zagreb');
Insert into WEB_TRGOVINA.GRADOVI (ID_GRAD,"POŠTANSKI_BROJ","DRŽAVE_ID_DRŽAVE",NAZIV_GRADA) values ('3','23000','1','Zadar');
Insert into WEB_TRGOVINA.GRADOVI (ID_GRAD,"POŠTANSKI_BROJ","DRŽAVE_ID_DRŽAVE",NAZIV_GRADA) values ('4','96850','12','Honolulu');
Insert into WEB_TRGOVINA.GRADOVI (ID_GRAD,"POŠTANSKI_BROJ","DRŽAVE_ID_DRŽAVE",NAZIV_GRADA) values ('5','94110','12','San Francisco');
Insert into WEB_TRGOVINA.GRADOVI (ID_GRAD,"POŠTANSKI_BROJ","DRŽAVE_ID_DRŽAVE",NAZIV_GRADA) values ('6','95959','12','Nevada City');
Insert into WEB_TRGOVINA.GRADOVI (ID_GRAD,"POŠTANSKI_BROJ","DRŽAVE_ID_DRŽAVE",NAZIV_GRADA) values ('7','10001','12','New York City');
Insert into WEB_TRGOVINA.GRADOVI (ID_GRAD,"POŠTANSKI_BROJ","DRŽAVE_ID_DRŽAVE",NAZIV_GRADA) values ('8','87101','12','Albuquerque');
Insert into WEB_TRGOVINA.GRADOVI (ID_GRAD,"POŠTANSKI_BROJ","DRŽAVE_ID_DRŽAVE",NAZIV_GRADA) values ('9',null,'5','Cairo');
Insert into WEB_TRGOVINA.GRADOVI (ID_GRAD,"POŠTANSKI_BROJ","DRŽAVE_ID_DRŽAVE",NAZIV_GRADA) values ('10','100000','7','Beijing');
Insert into WEB_TRGOVINA.GRADOVI (ID_GRAD,"POŠTANSKI_BROJ","DRŽAVE_ID_DRŽAVE",NAZIV_GRADA) values ('11',null,'6','Saint Petersburg');
Insert into WEB_TRGOVINA.GRADOVI (ID_GRAD,"POŠTANSKI_BROJ","DRŽAVE_ID_DRŽAVE",NAZIV_GRADA) values ('12',null,'6','Moscow');
Insert into WEB_TRGOVINA.GRADOVI (ID_GRAD,"POŠTANSKI_BROJ","DRŽAVE_ID_DRŽAVE",NAZIV_GRADA) values ('13','14199','10','Berlin');
Insert into WEB_TRGOVINA.GRADOVI (ID_GRAD,"POŠTANSKI_BROJ","DRŽAVE_ID_DRŽAVE",NAZIV_GRADA) values ('14','75116','9','Pariz');
REM INSERTING into WEB_TRGOVINA.KATEGORIJE
SET DEFINE OFF;
Insert into WEB_TRGOVINA.KATEGORIJE (ID_KATEGORIJE,NAZIV_KATEGORIJE) values ('1','Laptopi');
Insert into WEB_TRGOVINA.KATEGORIJE (ID_KATEGORIJE,NAZIV_KATEGORIJE) values ('2','Miševi');
Insert into WEB_TRGOVINA.KATEGORIJE (ID_KATEGORIJE,NAZIV_KATEGORIJE) values ('3','Tipkovnice');
Insert into WEB_TRGOVINA.KATEGORIJE (ID_KATEGORIJE,NAZIV_KATEGORIJE) values ('4','Mobiteli');
Insert into WEB_TRGOVINA.KATEGORIJE (ID_KATEGORIJE,NAZIV_KATEGORIJE) values ('5','Monitori');
Insert into WEB_TRGOVINA.KATEGORIJE (ID_KATEGORIJE,NAZIV_KATEGORIJE) values ('6','CPU');
Insert into WEB_TRGOVINA.KATEGORIJE (ID_KATEGORIJE,NAZIV_KATEGORIJE) values ('7','GPU');
REM INSERTING into WEB_TRGOVINA.KONTINENTI
SET DEFINE OFF;
Insert into WEB_TRGOVINA.KONTINENTI (ID_KONTINENTI,NAZIV_KONTINENTA) values ('1','Europa');
Insert into WEB_TRGOVINA.KONTINENTI (ID_KONTINENTI,NAZIV_KONTINENTA) values ('3','J. Amerika');
Insert into WEB_TRGOVINA.KONTINENTI (ID_KONTINENTI,NAZIV_KONTINENTA) values ('4','Azija');
Insert into WEB_TRGOVINA.KONTINENTI (ID_KONTINENTI,NAZIV_KONTINENTA) values ('5','Australija');
Insert into WEB_TRGOVINA.KONTINENTI (ID_KONTINENTI,NAZIV_KONTINENTA) values ('6','Afrika');
Insert into WEB_TRGOVINA.KONTINENTI (ID_KONTINENTI,NAZIV_KONTINENTA) values ('8','S. Amerika');
REM INSERTING into WEB_TRGOVINA.KORISNICI
SET DEFINE OFF;
Insert into WEB_TRGOVINA.KORISNICI (ID_KORISNIK,"UKUPNO_PLAÆENO",KARTICA,GRADOVI_ID_GRAD,IME,PREZIME,"e-mail",ADRESA,OIB,"DATUM_ROÐENJA",SPOLOVI_ID_SPOL) values ('1','200,02',null,'1','Ante','Antiæ','aantic@gmail.com','Maticeva 12','123123123',to_date('02.02.02','DD.MM.RR'),'1');
Insert into WEB_TRGOVINA.KORISNICI (ID_KORISNIK,"UKUPNO_PLAÆENO",KARTICA,GRADOVI_ID_GRAD,IME,PREZIME,"e-mail",ADRESA,OIB,"DATUM_ROÐENJA",SPOLOVI_ID_SPOL) values ('2','95,12',null,'5','Anthony','Smith','a.smith@gmail.com','Epic Alley 59','345353454',to_date('21.02.02','DD.MM.RR'),'1');
Insert into WEB_TRGOVINA.KORISNICI (ID_KORISNIK,"UKUPNO_PLAÆENO",KARTICA,GRADOVI_ID_GRAD,IME,PREZIME,"e-mail",ADRESA,OIB,"DATUM_ROÐENJA",SPOLOVI_ID_SPOL) values ('3','550',null,'5','Jeremiah','Jonnil','jerry@gmail.com','Jimmil Ave. 132','546456565',to_date('02.02.02','DD.MM.RR'),'1');
Insert into WEB_TRGOVINA.KORISNICI (ID_KORISNIK,"UKUPNO_PLAÆENO",KARTICA,GRADOVI_ID_GRAD,IME,PREZIME,"e-mail",ADRESA,OIB,"DATUM_ROÐENJA",SPOLOVI_ID_SPOL) values ('4','75','2384932390','9','Gustavo','Fring','gg@hotmail.com','Los Pollos 94','678678678',to_date('02.02.02','DD.MM.RR'),'1');
Insert into WEB_TRGOVINA.KORISNICI (ID_KORISNIK,"UKUPNO_PLAÆENO",KARTICA,GRADOVI_ID_GRAD,IME,PREZIME,"e-mail",ADRESA,OIB,"DATUM_ROÐENJA",SPOLOVI_ID_SPOL) values ('5','85,12','3482057294','14','Armani','Louise','ally@hotmail.com','Oui Oui 23','798789789',to_date('22.04.92','DD.MM.RR'),'1');
Insert into WEB_TRGOVINA.KORISNICI (ID_KORISNIK,"UKUPNO_PLAÆENO",KARTICA,GRADOVI_ID_GRAD,IME,PREZIME,"e-mail",ADRESA,OIB,"DATUM_ROÐENJA",SPOLOVI_ID_SPOL) values ('6','400,15',null,'8','Anna','Gunner','bbad@gmail.com','Breakfast 56','789678567',to_date('05.11.85','DD.MM.RR'),'2');
Insert into WEB_TRGOVINA.KORISNICI (ID_KORISNIK,"UKUPNO_PLAÆENO",KARTICA,GRADOVI_ID_GRAD,IME,PREZIME,"e-mail",ADRESA,OIB,"DATUM_ROÐENJA",SPOLOVI_ID_SPOL) values ('7','589,58',null,'12','Anna','Ivanova','avi@gmail.com','Ivljeva 222','765345234',to_date('01.01.03','DD.MM.RR'),'2');
Insert into WEB_TRGOVINA.KORISNICI (ID_KORISNIK,"UKUPNO_PLAÆENO",KARTICA,GRADOVI_ID_GRAD,IME,PREZIME,"e-mail",ADRESA,OIB,"DATUM_ROÐENJA",SPOLOVI_ID_SPOL) values ('8','122,12','274659402','10','Brenda','Reiner','brei@gmail.com','Neinenin 55','344366878',to_date('12.12.99','DD.MM.RR'),'2');
Insert into WEB_TRGOVINA.KORISNICI (ID_KORISNIK,"UKUPNO_PLAÆENO",KARTICA,GRADOVI_ID_GRAD,IME,PREZIME,"e-mail",ADRESA,OIB,"DATUM_ROÐENJA",SPOLOVI_ID_SPOL) values ('9','822,22',null,'7','Sasha','Mars','smasha@gmail.com','Buenonono 22','123890089',to_date('26.03.77','DD.MM.RR'),'3');
Insert into WEB_TRGOVINA.KORISNICI (ID_KORISNIK,"UKUPNO_PLAÆENO",KARTICA,GRADOVI_ID_GRAD,IME,PREZIME,"e-mail",ADRESA,OIB,"DATUM_ROÐENJA",SPOLOVI_ID_SPOL) values ('10','777,43','837496028','2','Rino','Tino','rintin@gmail.com','Marsova 123','435345345',to_date('02.12.03','DD.MM.RR'),'3');
REM INSERTING into WEB_TRGOVINA.KORISNICI_KATEGORIJE
SET DEFINE OFF;
Insert into WEB_TRGOVINA.KORISNICI_KATEGORIJE (REKLAMA,KATEGORIJE_ID_KATEGORIJE,KORISNICI_ID_KORISNIK) values ('Dear Ante, the spring sale has begun!','1','1');
Insert into WEB_TRGOVINA.KORISNICI_KATEGORIJE (REKLAMA,KATEGORIJE_ID_KATEGORIJE,KORISNICI_ID_KORISNIK) values ('Dear Anthony, there is a 10% laptop discount!','1','2');
Insert into WEB_TRGOVINA.KORISNICI_KATEGORIJE (REKLAMA,KATEGORIJE_ID_KATEGORIJE,KORISNICI_ID_KORISNIK) values ('Dear Rino, there is a 10% laptop discount!','1','10');
Insert into WEB_TRGOVINA.KORISNICI_KATEGORIJE (REKLAMA,KATEGORIJE_ID_KATEGORIJE,KORISNICI_ID_KORISNIK) values ('Dear Gustavo, new laptops are here!','1','4');
Insert into WEB_TRGOVINA.KORISNICI_KATEGORIJE (REKLAMA,KATEGORIJE_ID_KATEGORIJE,KORISNICI_ID_KORISNIK) values ('Dear Anthony, the spring sale has begun!','2','2');
Insert into WEB_TRGOVINA.KORISNICI_KATEGORIJE (REKLAMA,KATEGORIJE_ID_KATEGORIJE,KORISNICI_ID_KORISNIK) values ('Dear Jeremiah, new mice are here!','2','3');
Insert into WEB_TRGOVINA.KORISNICI_KATEGORIJE (REKLAMA,KATEGORIJE_ID_KATEGORIJE,KORISNICI_ID_KORISNIK) values ('Dear Jeremiah, the spring sale has begun!','3','3');
Insert into WEB_TRGOVINA.KORISNICI_KATEGORIJE (REKLAMA,KATEGORIJE_ID_KATEGORIJE,KORISNICI_ID_KORISNIK) values ('Dear Jeremiah, the spring sale has begun!','4','3');
Insert into WEB_TRGOVINA.KORISNICI_KATEGORIJE (REKLAMA,KATEGORIJE_ID_KATEGORIJE,KORISNICI_ID_KORISNIK) values ('Dear Gustavo, the new Samsung Galaxy is here!','4','4');
Insert into WEB_TRGOVINA.KORISNICI_KATEGORIJE (REKLAMA,KATEGORIJE_ID_KATEGORIJE,KORISNICI_ID_KORISNIK) values ('Dear Armani, the new Samsung Galaxy is here!','4','5');
Insert into WEB_TRGOVINA.KORISNICI_KATEGORIJE (REKLAMA,KATEGORIJE_ID_KATEGORIJE,KORISNICI_ID_KORISNIK) values ('Dear Anna, there is a 25% phone discount!','4','6');
Insert into WEB_TRGOVINA.KORISNICI_KATEGORIJE (REKLAMA,KATEGORIJE_ID_KATEGORIJE,KORISNICI_ID_KORISNIK) values ('Dear Anna, the spring sale has begun!','5','6');
Insert into WEB_TRGOVINA.KORISNICI_KATEGORIJE (REKLAMA,KATEGORIJE_ID_KATEGORIJE,KORISNICI_ID_KORISNIK) values ('Dear Anna, the spring sale has begun!','6','7');
Insert into WEB_TRGOVINA.KORISNICI_KATEGORIJE (REKLAMA,KATEGORIJE_ID_KATEGORIJE,KORISNICI_ID_KORISNIK) values ('Dear Brenda, the spring sale has begun!','7','8');
Insert into WEB_TRGOVINA.KORISNICI_KATEGORIJE (REKLAMA,KATEGORIJE_ID_KATEGORIJE,KORISNICI_ID_KORISNIK) values ('Dear Sasha, more GPU-s are on their way!','7','9');
REM INSERTING into WEB_TRGOVINA.PROIZVODI
SET DEFINE OFF;
Insert into WEB_TRGOVINA.PROIZVODI (ID_PROIZVOD,NAZIV_PROIZVODA,OPIS_PROIZVODA,CIJENA,KATEGORIJE_ID_KATEGORIJE) values ('2','SAMSUNG monitor','Spremni poraziti neprijatelje, bez zastoja ili zamuæenja.','179,99','5');
Insert into WEB_TRGOVINA.PROIZVODI (ID_PROIZVOD,NAZIV_PROIZVODA,OPIS_PROIZVODA,CIJENA,KATEGORIJE_ID_KATEGORIJE) values ('3','LG 24MR400','Dijagonala zaslona 24.0, Rezolucija zaslona: 1920 x 1080, Omjer slike: 16:9','109,9','5');
Insert into WEB_TRGOVINA.PROIZVODI (ID_PROIZVOD,NAZIV_PROIZVODA,OPIS_PROIZVODA,CIJENA,KATEGORIJE_ID_KATEGORIJE) values ('4','SAMSUNG GALAXY A54','Snimite svoje fantastiène trenutke s multikamerama.','350','4');
Insert into WEB_TRGOVINA.PROIZVODI (ID_PROIZVOD,NAZIV_PROIZVODA,OPIS_PROIZVODA,CIJENA,KATEGORIJE_ID_KATEGORIJE) values ('6','REDMI 12','Redmi 12 ima moæan MediaTek Helio G88 osmojezgreni procesor koji podržava osvježavanje od 90Hz.','179','4');
Insert into WEB_TRGOVINA.PROIZVODI (ID_PROIZVOD,NAZIV_PROIZVODA,OPIS_PROIZVODA,CIJENA,KATEGORIJE_ID_KATEGORIJE) values ('8','ACER NX.KSJEX.00W','Ovaj lagani prijenosnik dolazi s elegantnim kuæištem i tankim okvirom zaslona.','519,5','1');
Insert into WEB_TRGOVINA.PROIZVODI (ID_PROIZVOD,NAZIV_PROIZVODA,OPIS_PROIZVODA,CIJENA,KATEGORIJE_ID_KATEGORIJE) values ('9','ACER NX.KSJEX.008','Stvarajte. Igrajte. Radite. Uèite. Zabavite se.','720','1');
Insert into WEB_TRGOVINA.PROIZVODI (ID_PROIZVOD,NAZIV_PROIZVODA,OPIS_PROIZVODA,CIJENA,KATEGORIJE_ID_KATEGORIJE) values ('10','ASUS E1504FA-BQ511','ASUS E Serija pruža lagan i kompaktan, novi moderan izgled za vaš dinamièan naèin života','512','1');
Insert into WEB_TRGOVINA.PROIZVODI (ID_PROIZVOD,NAZIV_PROIZVODA,OPIS_PROIZVODA,CIJENA,KATEGORIJE_ID_KATEGORIJE) values ('11','ASUS B1502CBA-WB53C0','Ovaj vas neæe razoèarati.','999','1');
Insert into WEB_TRGOVINA.PROIZVODI (ID_PROIZVOD,NAZIV_PROIZVODA,OPIS_PROIZVODA,CIJENA,KATEGORIJE_ID_KATEGORIJE) values ('12','HAMA 182602','Miš savršenog simetriènog oblika pogodan za lijevoruke i dešnjake','6,29','2');
Insert into WEB_TRGOVINA.PROIZVODI (ID_PROIZVOD,NAZIV_PROIZVODA,OPIS_PROIZVODA,CIJENA,KATEGORIJE_ID_KATEGORIJE) values ('13','TRUST 24651','Iznimno tanka bežièna tipkovnica','22','3');
Insert into WEB_TRGOVINA.PROIZVODI (ID_PROIZVOD,NAZIV_PROIZVODA,OPIS_PROIZVODA,CIJENA,KATEGORIJE_ID_KATEGORIJE) values ('14','Intel Core i5','Core i5 je generacija Intelovih procesora, izraðenih pomoæu x86-64 tehnologije.','125','6');
REM INSERTING into WEB_TRGOVINA."PROIZVODI_SKLADIŠTA"
SET DEFINE OFF;
Insert into WEB_TRGOVINA."PROIZVODI_SKLADIŠTA" (PROIZVODI_ID_PROIZVOD,"SKLADIŠTA_ID_SKLADIŠTE","KOLIÈINA") values ('9','1','20');
Insert into WEB_TRGOVINA."PROIZVODI_SKLADIŠTA" (PROIZVODI_ID_PROIZVOD,"SKLADIŠTA_ID_SKLADIŠTE","KOLIÈINA") values ('4','1','12');
Insert into WEB_TRGOVINA."PROIZVODI_SKLADIŠTA" (PROIZVODI_ID_PROIZVOD,"SKLADIŠTA_ID_SKLADIŠTE","KOLIÈINA") values ('12','4','133');
Insert into WEB_TRGOVINA."PROIZVODI_SKLADIŠTA" (PROIZVODI_ID_PROIZVOD,"SKLADIŠTA_ID_SKLADIŠTE","KOLIÈINA") values ('13','3','45');
Insert into WEB_TRGOVINA."PROIZVODI_SKLADIŠTA" (PROIZVODI_ID_PROIZVOD,"SKLADIŠTA_ID_SKLADIŠTE","KOLIÈINA") values ('2','2','34');
Insert into WEB_TRGOVINA."PROIZVODI_SKLADIŠTA" (PROIZVODI_ID_PROIZVOD,"SKLADIŠTA_ID_SKLADIŠTE","KOLIÈINA") values ('4','2','21');
Insert into WEB_TRGOVINA."PROIZVODI_SKLADIŠTA" (PROIZVODI_ID_PROIZVOD,"SKLADIŠTA_ID_SKLADIŠTE","KOLIÈINA") values ('14','3','22');
Insert into WEB_TRGOVINA."PROIZVODI_SKLADIŠTA" (PROIZVODI_ID_PROIZVOD,"SKLADIŠTA_ID_SKLADIŠTE","KOLIÈINA") values ('3','3','10');
Insert into WEB_TRGOVINA."PROIZVODI_SKLADIŠTA" (PROIZVODI_ID_PROIZVOD,"SKLADIŠTA_ID_SKLADIŠTE","KOLIÈINA") values ('3','4','9');
Insert into WEB_TRGOVINA."PROIZVODI_SKLADIŠTA" (PROIZVODI_ID_PROIZVOD,"SKLADIŠTA_ID_SKLADIŠTE","KOLIÈINA") values ('6','1','2');
Insert into WEB_TRGOVINA."PROIZVODI_SKLADIŠTA" (PROIZVODI_ID_PROIZVOD,"SKLADIŠTA_ID_SKLADIŠTE","KOLIÈINA") values ('2','3','23');
Insert into WEB_TRGOVINA."PROIZVODI_SKLADIŠTA" (PROIZVODI_ID_PROIZVOD,"SKLADIŠTA_ID_SKLADIŠTE","KOLIÈINA") values ('8','1','45');
Insert into WEB_TRGOVINA."PROIZVODI_SKLADIŠTA" (PROIZVODI_ID_PROIZVOD,"SKLADIŠTA_ID_SKLADIŠTE","KOLIÈINA") values ('10','2','75');
Insert into WEB_TRGOVINA."PROIZVODI_SKLADIŠTA" (PROIZVODI_ID_PROIZVOD,"SKLADIŠTA_ID_SKLADIŠTE","KOLIÈINA") values ('11','2','23');
Insert into WEB_TRGOVINA."PROIZVODI_SKLADIŠTA" (PROIZVODI_ID_PROIZVOD,"SKLADIŠTA_ID_SKLADIŠTE","KOLIÈINA") values ('11','3','21');
Insert into WEB_TRGOVINA."PROIZVODI_SKLADIŠTA" (PROIZVODI_ID_PROIZVOD,"SKLADIŠTA_ID_SKLADIŠTE","KOLIÈINA") values ('11','4','27');
REM INSERTING into WEB_TRGOVINA."RAÈUNI"
SET DEFINE OFF;
Insert into WEB_TRGOVINA."RAÈUNI" ("ID_RAÈUNI",DATUM_KUPNJE,"NAÈIN_PLAÆANJA",KORISNICI_ID_KORISNIK,VALUTE_ID_VALUTA,ZAPOSLENICI_ID_ZAPOSLENIK) values ('3',to_date('02.02.22','DD.MM.RR'),'P','1','1','3');
Insert into WEB_TRGOVINA."RAÈUNI" ("ID_RAÈUNI",DATUM_KUPNJE,"NAÈIN_PLAÆANJA",KORISNICI_ID_KORISNIK,VALUTE_ID_VALUTA,ZAPOSLENICI_ID_ZAPOSLENIK) values ('4',to_date('20.10.23','DD.MM.RR'),'P','7','5','4');
Insert into WEB_TRGOVINA."RAÈUNI" ("ID_RAÈUNI",DATUM_KUPNJE,"NAÈIN_PLAÆANJA",KORISNICI_ID_KORISNIK,VALUTE_ID_VALUTA,ZAPOSLENICI_ID_ZAPOSLENIK) values ('5',to_date('23.06.22','DD.MM.RR'),'P','3','1','5');
Insert into WEB_TRGOVINA."RAÈUNI" ("ID_RAÈUNI",DATUM_KUPNJE,"NAÈIN_PLAÆANJA",KORISNICI_ID_KORISNIK,VALUTE_ID_VALUTA,ZAPOSLENICI_ID_ZAPOSLENIK) values ('6',to_date('05.05.20','DD.MM.RR'),'P','6','2','5');
Insert into WEB_TRGOVINA."RAÈUNI" ("ID_RAÈUNI",DATUM_KUPNJE,"NAÈIN_PLAÆANJA",KORISNICI_ID_KORISNIK,VALUTE_ID_VALUTA,ZAPOSLENICI_ID_ZAPOSLENIK) values ('7',to_date('06.07.20','DD.MM.RR'),'P','6','2','5');
Insert into WEB_TRGOVINA."RAÈUNI" ("ID_RAÈUNI",DATUM_KUPNJE,"NAÈIN_PLAÆANJA",KORISNICI_ID_KORISNIK,VALUTE_ID_VALUTA,ZAPOSLENICI_ID_ZAPOSLENIK) values ('8',to_date('30.01.19','DD.MM.RR'),'K','4','4','3');
Insert into WEB_TRGOVINA."RAÈUNI" ("ID_RAÈUNI",DATUM_KUPNJE,"NAÈIN_PLAÆANJA",KORISNICI_ID_KORISNIK,VALUTE_ID_VALUTA,ZAPOSLENICI_ID_ZAPOSLENIK) values ('9',to_date('22.02.19','DD.MM.RR'),'K','5','2','4');
Insert into WEB_TRGOVINA."RAÈUNI" ("ID_RAÈUNI",DATUM_KUPNJE,"NAÈIN_PLAÆANJA",KORISNICI_ID_KORISNIK,VALUTE_ID_VALUTA,ZAPOSLENICI_ID_ZAPOSLENIK) values ('10',to_date('12.09.17','DD.MM.RR'),'K','10','1','4');
REM INSERTING into WEB_TRGOVINA."RAÈUNI_PROIZVODI"
SET DEFINE OFF;
Insert into WEB_TRGOVINA."RAÈUNI_PROIZVODI" (ID_STAVKA,"KOLIÈINA",PROIZVODI_ID_PROIZVOD,"RAÈUNI_ID_RAÈUNI") values ('1','2','13','5');
Insert into WEB_TRGOVINA."RAÈUNI_PROIZVODI" (ID_STAVKA,"KOLIÈINA",PROIZVODI_ID_PROIZVOD,"RAÈUNI_ID_RAÈUNI") values ('2','1','2','4');
Insert into WEB_TRGOVINA."RAÈUNI_PROIZVODI" (ID_STAVKA,"KOLIÈINA",PROIZVODI_ID_PROIZVOD,"RAÈUNI_ID_RAÈUNI") values ('3','1','2','4');
Insert into WEB_TRGOVINA."RAÈUNI_PROIZVODI" (ID_STAVKA,"KOLIÈINA",PROIZVODI_ID_PROIZVOD,"RAÈUNI_ID_RAÈUNI") values ('4','2','4','4');
Insert into WEB_TRGOVINA."RAÈUNI_PROIZVODI" (ID_STAVKA,"KOLIÈINA",PROIZVODI_ID_PROIZVOD,"RAÈUNI_ID_RAÈUNI") values ('5','3','14','7');
Insert into WEB_TRGOVINA."RAÈUNI_PROIZVODI" (ID_STAVKA,"KOLIÈINA",PROIZVODI_ID_PROIZVOD,"RAÈUNI_ID_RAÈUNI") values ('6','5','12','3');
Insert into WEB_TRGOVINA."RAÈUNI_PROIZVODI" (ID_STAVKA,"KOLIÈINA",PROIZVODI_ID_PROIZVOD,"RAÈUNI_ID_RAÈUNI") values ('7','1','8','5');
Insert into WEB_TRGOVINA."RAÈUNI_PROIZVODI" (ID_STAVKA,"KOLIÈINA",PROIZVODI_ID_PROIZVOD,"RAÈUNI_ID_RAÈUNI") values ('8','1','9','5');
Insert into WEB_TRGOVINA."RAÈUNI_PROIZVODI" (ID_STAVKA,"KOLIÈINA",PROIZVODI_ID_PROIZVOD,"RAÈUNI_ID_RAÈUNI") values ('9','4','2','6');
Insert into WEB_TRGOVINA."RAÈUNI_PROIZVODI" (ID_STAVKA,"KOLIÈINA",PROIZVODI_ID_PROIZVOD,"RAÈUNI_ID_RAÈUNI") values ('10','2','8','8');
Insert into WEB_TRGOVINA."RAÈUNI_PROIZVODI" (ID_STAVKA,"KOLIÈINA",PROIZVODI_ID_PROIZVOD,"RAÈUNI_ID_RAÈUNI") values ('11','2','14','9');
Insert into WEB_TRGOVINA."RAÈUNI_PROIZVODI" (ID_STAVKA,"KOLIÈINA",PROIZVODI_ID_PROIZVOD,"RAÈUNI_ID_RAÈUNI") values ('12','2','2','10');
REM INSERTING into WEB_TRGOVINA."SKLADIŠTA"
SET DEFINE OFF;
Insert into WEB_TRGOVINA."SKLADIŠTA" ("ID_SKLADIŠTE","ADRESA_SKLADIŠTA",GRADOVI_ID_GRAD) values ('1','Antiæeva 12','1');
Insert into WEB_TRGOVINA."SKLADIŠTA" ("ID_SKLADIŠTE","ADRESA_SKLADIŠTA",GRADOVI_ID_GRAD) values ('2','Louiseva 24','14');
Insert into WEB_TRGOVINA."SKLADIŠTA" ("ID_SKLADIŠTE","ADRESA_SKLADIŠTA",GRADOVI_ID_GRAD) values ('3','Jon Garfield 99','5');
Insert into WEB_TRGOVINA."SKLADIŠTA" ("ID_SKLADIŠTE","ADRESA_SKLADIŠTA",GRADOVI_ID_GRAD) values ('4','Xinyan 22','10');
REM INSERTING into WEB_TRGOVINA.SPOLOVI
SET DEFINE OFF;
Insert into WEB_TRGOVINA.SPOLOVI (ID_SPOL,NAZIV_SPOLA,OZNAKA_SPOLA) values ('1','Muško','M');
Insert into WEB_TRGOVINA.SPOLOVI (ID_SPOL,NAZIV_SPOLA,OZNAKA_SPOLA) values ('2','Žensko','Ž');
Insert into WEB_TRGOVINA.SPOLOVI (ID_SPOL,NAZIV_SPOLA,OZNAKA_SPOLA) values ('3','Ostalo',null);
REM INSERTING into WEB_TRGOVINA.VALUTE
SET DEFINE OFF;
Insert into WEB_TRGOVINA.VALUTE (ID_VALUTA,NAZIV_VALUTE) values ('1','Euro');
Insert into WEB_TRGOVINA.VALUTE (ID_VALUTA,NAZIV_VALUTE) values ('2','USD');
Insert into WEB_TRGOVINA.VALUTE (ID_VALUTA,NAZIV_VALUTE) values ('3','AUD');
Insert into WEB_TRGOVINA.VALUTE (ID_VALUTA,NAZIV_VALUTE) values ('4','Yuan');
Insert into WEB_TRGOVINA.VALUTE (ID_VALUTA,NAZIV_VALUTE) values ('5','R. rubalj');
Insert into WEB_TRGOVINA.VALUTE (ID_VALUTA,NAZIV_VALUTE) values ('6','Funte');
REM INSERTING into WEB_TRGOVINA.ZAPOSLENICI
SET DEFINE OFF;
Insert into WEB_TRGOVINA.ZAPOSLENICI (ID_ZAPOSLENIK,FUNKCIJE_ZAPOSLENIKA_ID2,"SKLADIŠTA_ID_SKLADIŠTE",GRADOVI_ID_GRAD,IME,PREZIME,"e-mail",ADRESA,OIB,"DATUM_ROÐENJA",SPOLOVI_ID_SPOL,"PLAÆA") values ('1','4','1','6','Johnny','Cage','johnnyc@gmail.com','Skibidi 14','204839562',to_date('02.02.92','DD.MM.RR'),'1','3000');
Insert into WEB_TRGOVINA.ZAPOSLENICI (ID_ZAPOSLENIK,FUNKCIJE_ZAPOSLENIKA_ID2,"SKLADIŠTA_ID_SKLADIŠTE",GRADOVI_ID_GRAD,IME,PREZIME,"e-mail",ADRESA,OIB,"DATUM_ROÐENJA",SPOLOVI_ID_SPOL,"PLAÆA") values ('2','5','1','1','Siniša','Sinko','sinisa@gmail.com','Marka Maruliæa 13','203122839',to_date('02.02.64','DD.MM.RR'),'3','1200,5');
Insert into WEB_TRGOVINA.ZAPOSLENICI (ID_ZAPOSLENIK,FUNKCIJE_ZAPOSLENIKA_ID2,"SKLADIŠTA_ID_SKLADIŠTE",GRADOVI_ID_GRAD,IME,PREZIME,"e-mail",ADRESA,OIB,"DATUM_ROÐENJA",SPOLOVI_ID_SPOL,"PLAÆA") values ('3','6','1','11','Ivan','Drago','rocky@gmail.com','Beljeljeva 52','039372644',to_date('12.04.98','DD.MM.RR'),'1','2000');
Insert into WEB_TRGOVINA.ZAPOSLENICI (ID_ZAPOSLENIK,FUNKCIJE_ZAPOSLENIKA_ID2,"SKLADIŠTA_ID_SKLADIŠTE",GRADOVI_ID_GRAD,IME,PREZIME,"e-mail",ADRESA,OIB,"DATUM_ROÐENJA",SPOLOVI_ID_SPOL,"PLAÆA") values ('4','9','2','1','Antonija','Aniæ','ani@gmail.com','Marka Maruliæa 15','101013832',to_date('05.06.92','DD.MM.RR'),'2','1910,1');
Insert into WEB_TRGOVINA.ZAPOSLENICI (ID_ZAPOSLENIK,FUNKCIJE_ZAPOSLENIKA_ID2,"SKLADIŠTA_ID_SKLADIŠTE",GRADOVI_ID_GRAD,IME,PREZIME,"e-mail",ADRESA,OIB,"DATUM_ROÐENJA",SPOLOVI_ID_SPOL,"PLAÆA") values ('5','10','3','5','Diego','Muniz','dim@gmail.com','Gutierrez 66','444854732',to_date('02.12.82','DD.MM.RR'),'1','1910,1');
Insert into WEB_TRGOVINA.ZAPOSLENICI (ID_ZAPOSLENIK,FUNKCIJE_ZAPOSLENIKA_ID2,"SKLADIŠTA_ID_SKLADIŠTE",GRADOVI_ID_GRAD,IME,PREZIME,"e-mail",ADRESA,OIB,"DATUM_ROÐENJA",SPOLOVI_ID_SPOL,"PLAÆA") values ('6','13','3','5','Dora','Eksplora','dddora@gmail.com','Don Quijote 14','039383022',to_date('04.11.73','DD.MM.RR'),'2','1500');
Insert into WEB_TRGOVINA.ZAPOSLENICI (ID_ZAPOSLENIK,FUNKCIJE_ZAPOSLENIKA_ID2,"SKLADIŠTA_ID_SKLADIŠTE",GRADOVI_ID_GRAD,IME,PREZIME,"e-mail",ADRESA,OIB,"DATUM_ROÐENJA",SPOLOVI_ID_SPOL,"PLAÆA") values ('7','14','3','4','Duje','Svetac','sv.duje@hotmail.com','Crkvena 1','111829444',to_date('28.11.78','DD.MM.RR'),'1','1600');
Insert into WEB_TRGOVINA.ZAPOSLENICI (ID_ZAPOSLENIK,FUNKCIJE_ZAPOSLENIKA_ID2,"SKLADIŠTA_ID_SKLADIŠTE",GRADOVI_ID_GRAD,IME,PREZIME,"e-mail",ADRESA,OIB,"DATUM_ROÐENJA",SPOLOVI_ID_SPOL,"PLAÆA") values ('8','15','4','13','Patrik','Zvijezda','bikbot@gmail.com','Alge 3','938467194',to_date('01.01.68','DD.MM.RR'),'3','1555,55');
--------------------------------------------------------
--  DDL for Index DRŽAVE_PK
--------------------------------------------------------

  CREATE UNIQUE INDEX "WEB_TRGOVINA"."DRŽAVE_PK" ON "WEB_TRGOVINA"."DRŽAVE" ("ID_DRŽAVE") 
  PCTFREE 10 INITRANS 2 MAXTRANS 255 COMPUTE STATISTICS 
  STORAGE(INITIAL 65536 NEXT 1048576 MINEXTENTS 1 MAXEXTENTS 2147483645
  PCTINCREASE 0 FREELISTS 1 FREELIST GROUPS 1 BUFFER_POOL DEFAULT FLASH_CACHE DEFAULT CELL_FLASH_CACHE DEFAULT)
  TABLESPACE "SYSTEM" ;
--------------------------------------------------------
--  DDL for Index DRŽAVE_KONTINENTI_PK
--------------------------------------------------------

  CREATE UNIQUE INDEX "WEB_TRGOVINA"."DRŽAVE_KONTINENTI_PK" ON "WEB_TRGOVINA"."DRŽAVE_KONTINENTI" ("KONTINENTI_ID_KONTINENTI", "DRŽAVE_ID_DRŽAVE") 
  PCTFREE 10 INITRANS 2 MAXTRANS 255 COMPUTE STATISTICS 
  STORAGE(INITIAL 65536 NEXT 1048576 MINEXTENTS 1 MAXEXTENTS 2147483645
  PCTINCREASE 0 FREELISTS 1 FREELIST GROUPS 1 BUFFER_POOL DEFAULT FLASH_CACHE DEFAULT CELL_FLASH_CACHE DEFAULT)
  TABLESPACE "SYSTEM" ;
--------------------------------------------------------
--  DDL for Index FUNKCIJE_ZAPOSLENIKA_PK
--------------------------------------------------------

  CREATE UNIQUE INDEX "WEB_TRGOVINA"."FUNKCIJE_ZAPOSLENIKA_PK" ON "WEB_TRGOVINA"."FUNKCIJE_ZAPOSLENIKA" ("ID_FUNKCIJA_ZAPOSLENIKA") 
  PCTFREE 10 INITRANS 2 MAXTRANS 255 COMPUTE STATISTICS 
  STORAGE(INITIAL 65536 NEXT 1048576 MINEXTENTS 1 MAXEXTENTS 2147483645
  PCTINCREASE 0 FREELISTS 1 FREELIST GROUPS 1 BUFFER_POOL DEFAULT FLASH_CACHE DEFAULT CELL_FLASH_CACHE DEFAULT)
  TABLESPACE "SYSTEM" ;
--------------------------------------------------------
--  DDL for Index GRADOVI_PK
--------------------------------------------------------

  CREATE UNIQUE INDEX "WEB_TRGOVINA"."GRADOVI_PK" ON "WEB_TRGOVINA"."GRADOVI" ("ID_GRAD") 
  PCTFREE 10 INITRANS 2 MAXTRANS 255 COMPUTE STATISTICS 
  STORAGE(INITIAL 65536 NEXT 1048576 MINEXTENTS 1 MAXEXTENTS 2147483645
  PCTINCREASE 0 FREELISTS 1 FREELIST GROUPS 1 BUFFER_POOL DEFAULT FLASH_CACHE DEFAULT CELL_FLASH_CACHE DEFAULT)
  TABLESPACE "SYSTEM" ;
--------------------------------------------------------
--  DDL for Index KATEGORIJE_PK
--------------------------------------------------------

  CREATE UNIQUE INDEX "WEB_TRGOVINA"."KATEGORIJE_PK" ON "WEB_TRGOVINA"."KATEGORIJE" ("ID_KATEGORIJE") 
  PCTFREE 10 INITRANS 2 MAXTRANS 255 COMPUTE STATISTICS 
  STORAGE(INITIAL 65536 NEXT 1048576 MINEXTENTS 1 MAXEXTENTS 2147483645
  PCTINCREASE 0 FREELISTS 1 FREELIST GROUPS 1 BUFFER_POOL DEFAULT FLASH_CACHE DEFAULT CELL_FLASH_CACHE DEFAULT)
  TABLESPACE "SYSTEM" ;
--------------------------------------------------------
--  DDL for Index KONTINENTI_PK
--------------------------------------------------------

  CREATE UNIQUE INDEX "WEB_TRGOVINA"."KONTINENTI_PK" ON "WEB_TRGOVINA"."KONTINENTI" ("ID_KONTINENTI") 
  PCTFREE 10 INITRANS 2 MAXTRANS 255 COMPUTE STATISTICS 
  STORAGE(INITIAL 65536 NEXT 1048576 MINEXTENTS 1 MAXEXTENTS 2147483645
  PCTINCREASE 0 FREELISTS 1 FREELIST GROUPS 1 BUFFER_POOL DEFAULT FLASH_CACHE DEFAULT CELL_FLASH_CACHE DEFAULT)
  TABLESPACE "SYSTEM" ;
--------------------------------------------------------
--  DDL for Index KORISNICI_PK
--------------------------------------------------------

  CREATE UNIQUE INDEX "WEB_TRGOVINA"."KORISNICI_PK" ON "WEB_TRGOVINA"."KORISNICI" ("ID_KORISNIK") 
  PCTFREE 10 INITRANS 2 MAXTRANS 255 COMPUTE STATISTICS 
  STORAGE(INITIAL 65536 NEXT 1048576 MINEXTENTS 1 MAXEXTENTS 2147483645
  PCTINCREASE 0 FREELISTS 1 FREELIST GROUPS 1 BUFFER_POOL DEFAULT FLASH_CACHE DEFAULT CELL_FLASH_CACHE DEFAULT)
  TABLESPACE "SYSTEM" ;
--------------------------------------------------------
--  DDL for Index KORISNICI__UN
--------------------------------------------------------

  CREATE UNIQUE INDEX "WEB_TRGOVINA"."KORISNICI__UN" ON "WEB_TRGOVINA"."KORISNICI" ("KARTICA", "e-mail", "OIB") 
  PCTFREE 10 INITRANS 2 MAXTRANS 255 COMPUTE STATISTICS 
  STORAGE(INITIAL 65536 NEXT 1048576 MINEXTENTS 1 MAXEXTENTS 2147483645
  PCTINCREASE 0 FREELISTS 1 FREELIST GROUPS 1 BUFFER_POOL DEFAULT FLASH_CACHE DEFAULT CELL_FLASH_CACHE DEFAULT)
  TABLESPACE "SYSTEM" ;
--------------------------------------------------------
--  DDL for Index KORISNICI_KATEGORIJE_PK
--------------------------------------------------------

  CREATE UNIQUE INDEX "WEB_TRGOVINA"."KORISNICI_KATEGORIJE_PK" ON "WEB_TRGOVINA"."KORISNICI_KATEGORIJE" ("KATEGORIJE_ID_KATEGORIJE", "KORISNICI_ID_KORISNIK") 
  PCTFREE 10 INITRANS 2 MAXTRANS 255 COMPUTE STATISTICS 
  STORAGE(INITIAL 65536 NEXT 1048576 MINEXTENTS 1 MAXEXTENTS 2147483645
  PCTINCREASE 0 FREELISTS 1 FREELIST GROUPS 1 BUFFER_POOL DEFAULT FLASH_CACHE DEFAULT CELL_FLASH_CACHE DEFAULT)
  TABLESPACE "SYSTEM" ;
--------------------------------------------------------
--  DDL for Index PROIZVODI_PK
--------------------------------------------------------

  CREATE UNIQUE INDEX "WEB_TRGOVINA"."PROIZVODI_PK" ON "WEB_TRGOVINA"."PROIZVODI" ("ID_PROIZVOD") 
  PCTFREE 10 INITRANS 2 MAXTRANS 255 COMPUTE STATISTICS 
  STORAGE(INITIAL 65536 NEXT 1048576 MINEXTENTS 1 MAXEXTENTS 2147483645
  PCTINCREASE 0 FREELISTS 1 FREELIST GROUPS 1 BUFFER_POOL DEFAULT FLASH_CACHE DEFAULT CELL_FLASH_CACHE DEFAULT)
  TABLESPACE "SYSTEM" ;
--------------------------------------------------------
--  DDL for Index PROIZVODI_SKLADIŠTA_PK
--------------------------------------------------------

  CREATE UNIQUE INDEX "WEB_TRGOVINA"."PROIZVODI_SKLADIŠTA_PK" ON "WEB_TRGOVINA"."PROIZVODI_SKLADIŠTA" ("PROIZVODI_ID_PROIZVOD", "SKLADIŠTA_ID_SKLADIŠTE") 
  PCTFREE 10 INITRANS 2 MAXTRANS 255 COMPUTE STATISTICS 
  STORAGE(INITIAL 65536 NEXT 1048576 MINEXTENTS 1 MAXEXTENTS 2147483645
  PCTINCREASE 0 FREELISTS 1 FREELIST GROUPS 1 BUFFER_POOL DEFAULT FLASH_CACHE DEFAULT CELL_FLASH_CACHE DEFAULT)
  TABLESPACE "SYSTEM" ;
--------------------------------------------------------
--  DDL for Index RAÈUNI_PK
--------------------------------------------------------

  CREATE UNIQUE INDEX "WEB_TRGOVINA"."RAÈUNI_PK" ON "WEB_TRGOVINA"."RAÈUNI" ("ID_RAÈUNI") 
  PCTFREE 10 INITRANS 2 MAXTRANS 255 COMPUTE STATISTICS 
  STORAGE(INITIAL 65536 NEXT 1048576 MINEXTENTS 1 MAXEXTENTS 2147483645
  PCTINCREASE 0 FREELISTS 1 FREELIST GROUPS 1 BUFFER_POOL DEFAULT FLASH_CACHE DEFAULT CELL_FLASH_CACHE DEFAULT)
  TABLESPACE "SYSTEM" ;
--------------------------------------------------------
--  DDL for Index RAÈUNI_PROIZVODI_PK
--------------------------------------------------------

  CREATE UNIQUE INDEX "WEB_TRGOVINA"."RAÈUNI_PROIZVODI_PK" ON "WEB_TRGOVINA"."RAÈUNI_PROIZVODI" ("ID_STAVKA") 
  PCTFREE 10 INITRANS 2 MAXTRANS 255 COMPUTE STATISTICS 
  STORAGE(INITIAL 65536 NEXT 1048576 MINEXTENTS 1 MAXEXTENTS 2147483645
  PCTINCREASE 0 FREELISTS 1 FREELIST GROUPS 1 BUFFER_POOL DEFAULT FLASH_CACHE DEFAULT CELL_FLASH_CACHE DEFAULT)
  TABLESPACE "SYSTEM" ;
--------------------------------------------------------
--  DDL for Index SKLADIŠTA_PK
--------------------------------------------------------

  CREATE UNIQUE INDEX "WEB_TRGOVINA"."SKLADIŠTA_PK" ON "WEB_TRGOVINA"."SKLADIŠTA" ("ID_SKLADIŠTE") 
  PCTFREE 10 INITRANS 2 MAXTRANS 255 COMPUTE STATISTICS 
  STORAGE(INITIAL 65536 NEXT 1048576 MINEXTENTS 1 MAXEXTENTS 2147483645
  PCTINCREASE 0 FREELISTS 1 FREELIST GROUPS 1 BUFFER_POOL DEFAULT FLASH_CACHE DEFAULT CELL_FLASH_CACHE DEFAULT)
  TABLESPACE "SYSTEM" ;
--------------------------------------------------------
--  DDL for Index SKLADIŠTA__UN
--------------------------------------------------------

  CREATE UNIQUE INDEX "WEB_TRGOVINA"."SKLADIŠTA__UN" ON "WEB_TRGOVINA"."SKLADIŠTA" ("ADRESA_SKLADIŠTA") 
  PCTFREE 10 INITRANS 2 MAXTRANS 255 COMPUTE STATISTICS 
  STORAGE(INITIAL 65536 NEXT 1048576 MINEXTENTS 1 MAXEXTENTS 2147483645
  PCTINCREASE 0 FREELISTS 1 FREELIST GROUPS 1 BUFFER_POOL DEFAULT FLASH_CACHE DEFAULT CELL_FLASH_CACHE DEFAULT)
  TABLESPACE "SYSTEM" ;
--------------------------------------------------------
--  DDL for Index SPOLOVI_PK
--------------------------------------------------------

  CREATE UNIQUE INDEX "WEB_TRGOVINA"."SPOLOVI_PK" ON "WEB_TRGOVINA"."SPOLOVI" ("ID_SPOL") 
  PCTFREE 10 INITRANS 2 MAXTRANS 255 COMPUTE STATISTICS 
  STORAGE(INITIAL 65536 NEXT 1048576 MINEXTENTS 1 MAXEXTENTS 2147483645
  PCTINCREASE 0 FREELISTS 1 FREELIST GROUPS 1 BUFFER_POOL DEFAULT FLASH_CACHE DEFAULT CELL_FLASH_CACHE DEFAULT)
  TABLESPACE "SYSTEM" ;
--------------------------------------------------------
--  DDL for Index VALUTE_PK
--------------------------------------------------------

  CREATE UNIQUE INDEX "WEB_TRGOVINA"."VALUTE_PK" ON "WEB_TRGOVINA"."VALUTE" ("ID_VALUTA") 
  PCTFREE 10 INITRANS 2 MAXTRANS 255 COMPUTE STATISTICS 
  STORAGE(INITIAL 65536 NEXT 1048576 MINEXTENTS 1 MAXEXTENTS 2147483645
  PCTINCREASE 0 FREELISTS 1 FREELIST GROUPS 1 BUFFER_POOL DEFAULT FLASH_CACHE DEFAULT CELL_FLASH_CACHE DEFAULT)
  TABLESPACE "SYSTEM" ;
--------------------------------------------------------
--  DDL for Index ZAPOSLENICI_PK
--------------------------------------------------------

  CREATE UNIQUE INDEX "WEB_TRGOVINA"."ZAPOSLENICI_PK" ON "WEB_TRGOVINA"."ZAPOSLENICI" ("ID_ZAPOSLENIK") 
  PCTFREE 10 INITRANS 2 MAXTRANS 255 COMPUTE STATISTICS 
  STORAGE(INITIAL 65536 NEXT 1048576 MINEXTENTS 1 MAXEXTENTS 2147483645
  PCTINCREASE 0 FREELISTS 1 FREELIST GROUPS 1 BUFFER_POOL DEFAULT FLASH_CACHE DEFAULT CELL_FLASH_CACHE DEFAULT)
  TABLESPACE "SYSTEM" ;
--------------------------------------------------------
--  DDL for Index ZAPOSLENICI__UN
--------------------------------------------------------

  CREATE UNIQUE INDEX "WEB_TRGOVINA"."ZAPOSLENICI__UN" ON "WEB_TRGOVINA"."ZAPOSLENICI" ("e-mail", "OIB") 
  PCTFREE 10 INITRANS 2 MAXTRANS 255 COMPUTE STATISTICS 
  STORAGE(INITIAL 65536 NEXT 1048576 MINEXTENTS 1 MAXEXTENTS 2147483645
  PCTINCREASE 0 FREELISTS 1 FREELIST GROUPS 1 BUFFER_POOL DEFAULT FLASH_CACHE DEFAULT CELL_FLASH_CACHE DEFAULT)
  TABLESPACE "SYSTEM" ;
--------------------------------------------------------
--  Constraints for Table DRŽAVE
--------------------------------------------------------

  ALTER TABLE "WEB_TRGOVINA"."DRŽAVE" ADD CONSTRAINT "DRŽAVE_PK" PRIMARY KEY ("ID_DRŽAVE")
  USING INDEX PCTFREE 10 INITRANS 2 MAXTRANS 255 COMPUTE STATISTICS 
  STORAGE(INITIAL 65536 NEXT 1048576 MINEXTENTS 1 MAXEXTENTS 2147483645
  PCTINCREASE 0 FREELISTS 1 FREELIST GROUPS 1 BUFFER_POOL DEFAULT FLASH_CACHE DEFAULT CELL_FLASH_CACHE DEFAULT)
  TABLESPACE "SYSTEM"  ENABLE;
  ALTER TABLE "WEB_TRGOVINA"."DRŽAVE" MODIFY ("NAZIV_DRŽAVE" NOT NULL ENABLE);
  ALTER TABLE "WEB_TRGOVINA"."DRŽAVE" MODIFY ("ID_DRŽAVE" NOT NULL ENABLE);
--------------------------------------------------------
--  Constraints for Table DRŽAVE_KONTINENTI
--------------------------------------------------------

  ALTER TABLE "WEB_TRGOVINA"."DRŽAVE_KONTINENTI" ADD CONSTRAINT "DRŽAVE_KONTINENTI_PK" PRIMARY KEY ("KONTINENTI_ID_KONTINENTI", "DRŽAVE_ID_DRŽAVE")
  USING INDEX PCTFREE 10 INITRANS 2 MAXTRANS 255 COMPUTE STATISTICS 
  STORAGE(INITIAL 65536 NEXT 1048576 MINEXTENTS 1 MAXEXTENTS 2147483645
  PCTINCREASE 0 FREELISTS 1 FREELIST GROUPS 1 BUFFER_POOL DEFAULT FLASH_CACHE DEFAULT CELL_FLASH_CACHE DEFAULT)
  TABLESPACE "SYSTEM"  ENABLE;
  ALTER TABLE "WEB_TRGOVINA"."DRŽAVE_KONTINENTI" MODIFY ("KONTINENTI_ID_KONTINENTI" NOT NULL ENABLE);
  ALTER TABLE "WEB_TRGOVINA"."DRŽAVE_KONTINENTI" MODIFY ("DRŽAVE_ID_DRŽAVE" NOT NULL ENABLE);
--------------------------------------------------------
--  Constraints for Table FUNKCIJE_ZAPOSLENIKA
--------------------------------------------------------

  ALTER TABLE "WEB_TRGOVINA"."FUNKCIJE_ZAPOSLENIKA" ADD CONSTRAINT "FUNKCIJE_ZAPOSLENIKA_PK" PRIMARY KEY ("ID_FUNKCIJA_ZAPOSLENIKA")
  USING INDEX PCTFREE 10 INITRANS 2 MAXTRANS 255 COMPUTE STATISTICS 
  STORAGE(INITIAL 65536 NEXT 1048576 MINEXTENTS 1 MAXEXTENTS 2147483645
  PCTINCREASE 0 FREELISTS 1 FREELIST GROUPS 1 BUFFER_POOL DEFAULT FLASH_CACHE DEFAULT CELL_FLASH_CACHE DEFAULT)
  TABLESPACE "SYSTEM"  ENABLE;
  ALTER TABLE "WEB_TRGOVINA"."FUNKCIJE_ZAPOSLENIKA" MODIFY ("OD_KAD" NOT NULL ENABLE);
  ALTER TABLE "WEB_TRGOVINA"."FUNKCIJE_ZAPOSLENIKA" MODIFY ("NAZIV_FUNKCIJE" NOT NULL ENABLE);
  ALTER TABLE "WEB_TRGOVINA"."FUNKCIJE_ZAPOSLENIKA" MODIFY ("ID_FUNKCIJA_ZAPOSLENIKA" NOT NULL ENABLE);
--------------------------------------------------------
--  Constraints for Table GRADOVI
--------------------------------------------------------

  ALTER TABLE "WEB_TRGOVINA"."GRADOVI" MODIFY ("NAZIV_GRADA" NOT NULL ENABLE);
  ALTER TABLE "WEB_TRGOVINA"."GRADOVI" ADD CONSTRAINT "GRADOVI_PK" PRIMARY KEY ("ID_GRAD")
  USING INDEX PCTFREE 10 INITRANS 2 MAXTRANS 255 COMPUTE STATISTICS 
  STORAGE(INITIAL 65536 NEXT 1048576 MINEXTENTS 1 MAXEXTENTS 2147483645
  PCTINCREASE 0 FREELISTS 1 FREELIST GROUPS 1 BUFFER_POOL DEFAULT FLASH_CACHE DEFAULT CELL_FLASH_CACHE DEFAULT)
  TABLESPACE "SYSTEM"  ENABLE;
  ALTER TABLE "WEB_TRGOVINA"."GRADOVI" MODIFY ("DRŽAVE_ID_DRŽAVE" NOT NULL ENABLE);
  ALTER TABLE "WEB_TRGOVINA"."GRADOVI" MODIFY ("ID_GRAD" NOT NULL ENABLE);
--------------------------------------------------------
--  Constraints for Table KATEGORIJE
--------------------------------------------------------

  ALTER TABLE "WEB_TRGOVINA"."KATEGORIJE" ADD CONSTRAINT "KATEGORIJE_PK" PRIMARY KEY ("ID_KATEGORIJE")
  USING INDEX PCTFREE 10 INITRANS 2 MAXTRANS 255 COMPUTE STATISTICS 
  STORAGE(INITIAL 65536 NEXT 1048576 MINEXTENTS 1 MAXEXTENTS 2147483645
  PCTINCREASE 0 FREELISTS 1 FREELIST GROUPS 1 BUFFER_POOL DEFAULT FLASH_CACHE DEFAULT CELL_FLASH_CACHE DEFAULT)
  TABLESPACE "SYSTEM"  ENABLE;
  ALTER TABLE "WEB_TRGOVINA"."KATEGORIJE" MODIFY ("NAZIV_KATEGORIJE" NOT NULL ENABLE);
  ALTER TABLE "WEB_TRGOVINA"."KATEGORIJE" MODIFY ("ID_KATEGORIJE" NOT NULL ENABLE);
--------------------------------------------------------
--  Constraints for Table KONTINENTI
--------------------------------------------------------

  ALTER TABLE "WEB_TRGOVINA"."KONTINENTI" ADD CONSTRAINT "KONTINENTI_PK" PRIMARY KEY ("ID_KONTINENTI")
  USING INDEX PCTFREE 10 INITRANS 2 MAXTRANS 255 COMPUTE STATISTICS 
  STORAGE(INITIAL 65536 NEXT 1048576 MINEXTENTS 1 MAXEXTENTS 2147483645
  PCTINCREASE 0 FREELISTS 1 FREELIST GROUPS 1 BUFFER_POOL DEFAULT FLASH_CACHE DEFAULT CELL_FLASH_CACHE DEFAULT)
  TABLESPACE "SYSTEM"  ENABLE;
  ALTER TABLE "WEB_TRGOVINA"."KONTINENTI" MODIFY ("NAZIV_KONTINENTA" NOT NULL ENABLE);
  ALTER TABLE "WEB_TRGOVINA"."KONTINENTI" MODIFY ("ID_KONTINENTI" NOT NULL ENABLE);
--------------------------------------------------------
--  Constraints for Table KORISNICI
--------------------------------------------------------

  ALTER TABLE "WEB_TRGOVINA"."KORISNICI" ADD CONSTRAINT "KORISNICI__UN" UNIQUE ("KARTICA", "e-mail", "OIB")
  USING INDEX PCTFREE 10 INITRANS 2 MAXTRANS 255 COMPUTE STATISTICS 
  STORAGE(INITIAL 65536 NEXT 1048576 MINEXTENTS 1 MAXEXTENTS 2147483645
  PCTINCREASE 0 FREELISTS 1 FREELIST GROUPS 1 BUFFER_POOL DEFAULT FLASH_CACHE DEFAULT CELL_FLASH_CACHE DEFAULT)
  TABLESPACE "SYSTEM"  ENABLE;
  ALTER TABLE "WEB_TRGOVINA"."KORISNICI" ADD CONSTRAINT "KORISNICI_PK" PRIMARY KEY ("ID_KORISNIK")
  USING INDEX PCTFREE 10 INITRANS 2 MAXTRANS 255 COMPUTE STATISTICS 
  STORAGE(INITIAL 65536 NEXT 1048576 MINEXTENTS 1 MAXEXTENTS 2147483645
  PCTINCREASE 0 FREELISTS 1 FREELIST GROUPS 1 BUFFER_POOL DEFAULT FLASH_CACHE DEFAULT CELL_FLASH_CACHE DEFAULT)
  TABLESPACE "SYSTEM"  ENABLE;
  ALTER TABLE "WEB_TRGOVINA"."KORISNICI" MODIFY ("SPOLOVI_ID_SPOL" NOT NULL ENABLE);
  ALTER TABLE "WEB_TRGOVINA"."KORISNICI" MODIFY ("DATUM_ROÐENJA" NOT NULL ENABLE);
  ALTER TABLE "WEB_TRGOVINA"."KORISNICI" MODIFY ("OIB" NOT NULL ENABLE);
  ALTER TABLE "WEB_TRGOVINA"."KORISNICI" MODIFY ("ADRESA" NOT NULL ENABLE);
  ALTER TABLE "WEB_TRGOVINA"."KORISNICI" MODIFY ("e-mail" NOT NULL ENABLE);
  ALTER TABLE "WEB_TRGOVINA"."KORISNICI" MODIFY ("PREZIME" NOT NULL ENABLE);
  ALTER TABLE "WEB_TRGOVINA"."KORISNICI" MODIFY ("IME" NOT NULL ENABLE);
  ALTER TABLE "WEB_TRGOVINA"."KORISNICI" MODIFY ("GRADOVI_ID_GRAD" NOT NULL ENABLE);
  ALTER TABLE "WEB_TRGOVINA"."KORISNICI" MODIFY ("UKUPNO_PLAÆENO" NOT NULL ENABLE);
  ALTER TABLE "WEB_TRGOVINA"."KORISNICI" MODIFY ("ID_KORISNIK" NOT NULL ENABLE);
--------------------------------------------------------
--  Constraints for Table KORISNICI_KATEGORIJE
--------------------------------------------------------

  ALTER TABLE "WEB_TRGOVINA"."KORISNICI_KATEGORIJE" ADD CONSTRAINT "KORISNICI_KATEGORIJE_PK" PRIMARY KEY ("KATEGORIJE_ID_KATEGORIJE", "KORISNICI_ID_KORISNIK")
  USING INDEX PCTFREE 10 INITRANS 2 MAXTRANS 255 COMPUTE STATISTICS 
  STORAGE(INITIAL 65536 NEXT 1048576 MINEXTENTS 1 MAXEXTENTS 2147483645
  PCTINCREASE 0 FREELISTS 1 FREELIST GROUPS 1 BUFFER_POOL DEFAULT FLASH_CACHE DEFAULT CELL_FLASH_CACHE DEFAULT)
  TABLESPACE "SYSTEM"  ENABLE;
  ALTER TABLE "WEB_TRGOVINA"."KORISNICI_KATEGORIJE" MODIFY ("KORISNICI_ID_KORISNIK" NOT NULL ENABLE);
  ALTER TABLE "WEB_TRGOVINA"."KORISNICI_KATEGORIJE" MODIFY ("KATEGORIJE_ID_KATEGORIJE" NOT NULL ENABLE);
  ALTER TABLE "WEB_TRGOVINA"."KORISNICI_KATEGORIJE" MODIFY ("REKLAMA" NOT NULL ENABLE);
--------------------------------------------------------
--  Constraints for Table PROIZVODI
--------------------------------------------------------

  ALTER TABLE "WEB_TRGOVINA"."PROIZVODI" ADD CONSTRAINT "PROIZVODI_PK" PRIMARY KEY ("ID_PROIZVOD")
  USING INDEX PCTFREE 10 INITRANS 2 MAXTRANS 255 COMPUTE STATISTICS 
  STORAGE(INITIAL 65536 NEXT 1048576 MINEXTENTS 1 MAXEXTENTS 2147483645
  PCTINCREASE 0 FREELISTS 1 FREELIST GROUPS 1 BUFFER_POOL DEFAULT FLASH_CACHE DEFAULT CELL_FLASH_CACHE DEFAULT)
  TABLESPACE "SYSTEM"  ENABLE;
  ALTER TABLE "WEB_TRGOVINA"."PROIZVODI" MODIFY ("KATEGORIJE_ID_KATEGORIJE" NOT NULL ENABLE);
  ALTER TABLE "WEB_TRGOVINA"."PROIZVODI" MODIFY ("CIJENA" NOT NULL ENABLE);
  ALTER TABLE "WEB_TRGOVINA"."PROIZVODI" MODIFY ("OPIS_PROIZVODA" NOT NULL ENABLE);
  ALTER TABLE "WEB_TRGOVINA"."PROIZVODI" MODIFY ("NAZIV_PROIZVODA" NOT NULL ENABLE);
  ALTER TABLE "WEB_TRGOVINA"."PROIZVODI" MODIFY ("ID_PROIZVOD" NOT NULL ENABLE);
--------------------------------------------------------
--  Constraints for Table PROIZVODI_SKLADIŠTA
--------------------------------------------------------

  ALTER TABLE "WEB_TRGOVINA"."PROIZVODI_SKLADIŠTA" ADD CONSTRAINT "PROIZVODI_SKLADIŠTA_PK" PRIMARY KEY ("PROIZVODI_ID_PROIZVOD", "SKLADIŠTA_ID_SKLADIŠTE")
  USING INDEX PCTFREE 10 INITRANS 2 MAXTRANS 255 COMPUTE STATISTICS 
  STORAGE(INITIAL 65536 NEXT 1048576 MINEXTENTS 1 MAXEXTENTS 2147483645
  PCTINCREASE 0 FREELISTS 1 FREELIST GROUPS 1 BUFFER_POOL DEFAULT FLASH_CACHE DEFAULT CELL_FLASH_CACHE DEFAULT)
  TABLESPACE "SYSTEM"  ENABLE;
  ALTER TABLE "WEB_TRGOVINA"."PROIZVODI_SKLADIŠTA" MODIFY ("KOLIÈINA" NOT NULL ENABLE);
  ALTER TABLE "WEB_TRGOVINA"."PROIZVODI_SKLADIŠTA" MODIFY ("SKLADIŠTA_ID_SKLADIŠTE" NOT NULL ENABLE);
  ALTER TABLE "WEB_TRGOVINA"."PROIZVODI_SKLADIŠTA" MODIFY ("PROIZVODI_ID_PROIZVOD" NOT NULL ENABLE);
--------------------------------------------------------
--  Constraints for Table RAÈUNI
--------------------------------------------------------

  ALTER TABLE "WEB_TRGOVINA"."RAÈUNI" ADD CONSTRAINT "RAÈUNI_PK" PRIMARY KEY ("ID_RAÈUNI")
  USING INDEX PCTFREE 10 INITRANS 2 MAXTRANS 255 COMPUTE STATISTICS 
  STORAGE(INITIAL 65536 NEXT 1048576 MINEXTENTS 1 MAXEXTENTS 2147483645
  PCTINCREASE 0 FREELISTS 1 FREELIST GROUPS 1 BUFFER_POOL DEFAULT FLASH_CACHE DEFAULT CELL_FLASH_CACHE DEFAULT)
  TABLESPACE "SYSTEM"  ENABLE;
  ALTER TABLE "WEB_TRGOVINA"."RAÈUNI" MODIFY ("ZAPOSLENICI_ID_ZAPOSLENIK" NOT NULL ENABLE);
  ALTER TABLE "WEB_TRGOVINA"."RAÈUNI" MODIFY ("VALUTE_ID_VALUTA" NOT NULL ENABLE);
  ALTER TABLE "WEB_TRGOVINA"."RAÈUNI" MODIFY ("KORISNICI_ID_KORISNIK" NOT NULL ENABLE);
  ALTER TABLE "WEB_TRGOVINA"."RAÈUNI" MODIFY ("NAÈIN_PLAÆANJA" NOT NULL ENABLE);
  ALTER TABLE "WEB_TRGOVINA"."RAÈUNI" MODIFY ("DATUM_KUPNJE" NOT NULL ENABLE);
  ALTER TABLE "WEB_TRGOVINA"."RAÈUNI" MODIFY ("ID_RAÈUNI" NOT NULL ENABLE);
--------------------------------------------------------
--  Constraints for Table RAÈUNI_PROIZVODI
--------------------------------------------------------

  ALTER TABLE "WEB_TRGOVINA"."RAÈUNI_PROIZVODI" ADD CONSTRAINT "RAÈUNI_PROIZVODI_PK" PRIMARY KEY ("ID_STAVKA")
  USING INDEX PCTFREE 10 INITRANS 2 MAXTRANS 255 COMPUTE STATISTICS 
  STORAGE(INITIAL 65536 NEXT 1048576 MINEXTENTS 1 MAXEXTENTS 2147483645
  PCTINCREASE 0 FREELISTS 1 FREELIST GROUPS 1 BUFFER_POOL DEFAULT FLASH_CACHE DEFAULT CELL_FLASH_CACHE DEFAULT)
  TABLESPACE "SYSTEM"  ENABLE;
  ALTER TABLE "WEB_TRGOVINA"."RAÈUNI_PROIZVODI" MODIFY ("RAÈUNI_ID_RAÈUNI" NOT NULL ENABLE);
  ALTER TABLE "WEB_TRGOVINA"."RAÈUNI_PROIZVODI" MODIFY ("PROIZVODI_ID_PROIZVOD" NOT NULL ENABLE);
  ALTER TABLE "WEB_TRGOVINA"."RAÈUNI_PROIZVODI" MODIFY ("KOLIÈINA" NOT NULL ENABLE);
  ALTER TABLE "WEB_TRGOVINA"."RAÈUNI_PROIZVODI" MODIFY ("ID_STAVKA" NOT NULL ENABLE);
--------------------------------------------------------
--  Constraints for Table SKLADIŠTA
--------------------------------------------------------

  ALTER TABLE "WEB_TRGOVINA"."SKLADIŠTA" ADD CONSTRAINT "SKLADIŠTA__UN" UNIQUE ("ADRESA_SKLADIŠTA")
  USING INDEX PCTFREE 10 INITRANS 2 MAXTRANS 255 COMPUTE STATISTICS 
  STORAGE(INITIAL 65536 NEXT 1048576 MINEXTENTS 1 MAXEXTENTS 2147483645
  PCTINCREASE 0 FREELISTS 1 FREELIST GROUPS 1 BUFFER_POOL DEFAULT FLASH_CACHE DEFAULT CELL_FLASH_CACHE DEFAULT)
  TABLESPACE "SYSTEM"  ENABLE;
  ALTER TABLE "WEB_TRGOVINA"."SKLADIŠTA" ADD CONSTRAINT "SKLADIŠTA_PK" PRIMARY KEY ("ID_SKLADIŠTE")
  USING INDEX PCTFREE 10 INITRANS 2 MAXTRANS 255 COMPUTE STATISTICS 
  STORAGE(INITIAL 65536 NEXT 1048576 MINEXTENTS 1 MAXEXTENTS 2147483645
  PCTINCREASE 0 FREELISTS 1 FREELIST GROUPS 1 BUFFER_POOL DEFAULT FLASH_CACHE DEFAULT CELL_FLASH_CACHE DEFAULT)
  TABLESPACE "SYSTEM"  ENABLE;
  ALTER TABLE "WEB_TRGOVINA"."SKLADIŠTA" MODIFY ("GRADOVI_ID_GRAD" NOT NULL ENABLE);
  ALTER TABLE "WEB_TRGOVINA"."SKLADIŠTA" MODIFY ("ADRESA_SKLADIŠTA" NOT NULL ENABLE);
  ALTER TABLE "WEB_TRGOVINA"."SKLADIŠTA" MODIFY ("ID_SKLADIŠTE" NOT NULL ENABLE);
--------------------------------------------------------
--  Constraints for Table SPOLOVI
--------------------------------------------------------

  ALTER TABLE "WEB_TRGOVINA"."SPOLOVI" ADD CONSTRAINT "SPOLOVI_PK" PRIMARY KEY ("ID_SPOL")
  USING INDEX PCTFREE 10 INITRANS 2 MAXTRANS 255 COMPUTE STATISTICS 
  STORAGE(INITIAL 65536 NEXT 1048576 MINEXTENTS 1 MAXEXTENTS 2147483645
  PCTINCREASE 0 FREELISTS 1 FREELIST GROUPS 1 BUFFER_POOL DEFAULT FLASH_CACHE DEFAULT CELL_FLASH_CACHE DEFAULT)
  TABLESPACE "SYSTEM"  ENABLE;
  ALTER TABLE "WEB_TRGOVINA"."SPOLOVI" MODIFY ("NAZIV_SPOLA" NOT NULL ENABLE);
  ALTER TABLE "WEB_TRGOVINA"."SPOLOVI" MODIFY ("ID_SPOL" NOT NULL ENABLE);
--------------------------------------------------------
--  Constraints for Table VALUTE
--------------------------------------------------------

  ALTER TABLE "WEB_TRGOVINA"."VALUTE" ADD CONSTRAINT "VALUTE_PK" PRIMARY KEY ("ID_VALUTA")
  USING INDEX PCTFREE 10 INITRANS 2 MAXTRANS 255 COMPUTE STATISTICS 
  STORAGE(INITIAL 65536 NEXT 1048576 MINEXTENTS 1 MAXEXTENTS 2147483645
  PCTINCREASE 0 FREELISTS 1 FREELIST GROUPS 1 BUFFER_POOL DEFAULT FLASH_CACHE DEFAULT CELL_FLASH_CACHE DEFAULT)
  TABLESPACE "SYSTEM"  ENABLE;
  ALTER TABLE "WEB_TRGOVINA"."VALUTE" MODIFY ("NAZIV_VALUTE" NOT NULL ENABLE);
  ALTER TABLE "WEB_TRGOVINA"."VALUTE" MODIFY ("ID_VALUTA" NOT NULL ENABLE);
--------------------------------------------------------
--  Constraints for Table ZAPOSLENICI
--------------------------------------------------------

  ALTER TABLE "WEB_TRGOVINA"."ZAPOSLENICI" MODIFY ("PLAÆA" NOT NULL ENABLE);
  ALTER TABLE "WEB_TRGOVINA"."ZAPOSLENICI" ADD CONSTRAINT "ZAPOSLENICI__UN" UNIQUE ("e-mail", "OIB")
  USING INDEX PCTFREE 10 INITRANS 2 MAXTRANS 255 COMPUTE STATISTICS 
  STORAGE(INITIAL 65536 NEXT 1048576 MINEXTENTS 1 MAXEXTENTS 2147483645
  PCTINCREASE 0 FREELISTS 1 FREELIST GROUPS 1 BUFFER_POOL DEFAULT FLASH_CACHE DEFAULT CELL_FLASH_CACHE DEFAULT)
  TABLESPACE "SYSTEM"  ENABLE;
  ALTER TABLE "WEB_TRGOVINA"."ZAPOSLENICI" ADD CONSTRAINT "ZAPOSLENICI_PK" PRIMARY KEY ("ID_ZAPOSLENIK")
  USING INDEX PCTFREE 10 INITRANS 2 MAXTRANS 255 COMPUTE STATISTICS 
  STORAGE(INITIAL 65536 NEXT 1048576 MINEXTENTS 1 MAXEXTENTS 2147483645
  PCTINCREASE 0 FREELISTS 1 FREELIST GROUPS 1 BUFFER_POOL DEFAULT FLASH_CACHE DEFAULT CELL_FLASH_CACHE DEFAULT)
  TABLESPACE "SYSTEM"  ENABLE;
  ALTER TABLE "WEB_TRGOVINA"."ZAPOSLENICI" MODIFY ("SPOLOVI_ID_SPOL" NOT NULL ENABLE);
  ALTER TABLE "WEB_TRGOVINA"."ZAPOSLENICI" MODIFY ("DATUM_ROÐENJA" NOT NULL ENABLE);
  ALTER TABLE "WEB_TRGOVINA"."ZAPOSLENICI" MODIFY ("OIB" NOT NULL ENABLE);
  ALTER TABLE "WEB_TRGOVINA"."ZAPOSLENICI" MODIFY ("ADRESA" NOT NULL ENABLE);
  ALTER TABLE "WEB_TRGOVINA"."ZAPOSLENICI" MODIFY ("e-mail" NOT NULL ENABLE);
  ALTER TABLE "WEB_TRGOVINA"."ZAPOSLENICI" MODIFY ("PREZIME" NOT NULL ENABLE);
  ALTER TABLE "WEB_TRGOVINA"."ZAPOSLENICI" MODIFY ("IME" NOT NULL ENABLE);
  ALTER TABLE "WEB_TRGOVINA"."ZAPOSLENICI" MODIFY ("GRADOVI_ID_GRAD" NOT NULL ENABLE);
  ALTER TABLE "WEB_TRGOVINA"."ZAPOSLENICI" MODIFY ("SKLADIŠTA_ID_SKLADIŠTE" NOT NULL ENABLE);
  ALTER TABLE "WEB_TRGOVINA"."ZAPOSLENICI" MODIFY ("FUNKCIJE_ZAPOSLENIKA_ID2" NOT NULL ENABLE);
  ALTER TABLE "WEB_TRGOVINA"."ZAPOSLENICI" MODIFY ("ID_ZAPOSLENIK" NOT NULL ENABLE);
--------------------------------------------------------
--  Ref Constraints for Table DRŽAVE_KONTINENTI
--------------------------------------------------------

  ALTER TABLE "WEB_TRGOVINA"."DRŽAVE_KONTINENTI" ADD CONSTRAINT "DRŽAVE2_KONTINENTI_FK" FOREIGN KEY ("DRŽAVE_ID_DRŽAVE")
	  REFERENCES "WEB_TRGOVINA"."DRŽAVE" ("ID_DRŽAVE") ENABLE;
  ALTER TABLE "WEB_TRGOVINA"."DRŽAVE_KONTINENTI" ADD CONSTRAINT "DRŽAVE_KONTINENTI_FK" FOREIGN KEY ("KONTINENTI_ID_KONTINENTI")
	  REFERENCES "WEB_TRGOVINA"."KONTINENTI" ("ID_KONTINENTI") ENABLE;
--------------------------------------------------------
--  Ref Constraints for Table GRADOVI
--------------------------------------------------------

  ALTER TABLE "WEB_TRGOVINA"."GRADOVI" ADD CONSTRAINT "GRADOVI_DRŽAVE_FK" FOREIGN KEY ("DRŽAVE_ID_DRŽAVE")
	  REFERENCES "WEB_TRGOVINA"."DRŽAVE" ("ID_DRŽAVE") ENABLE;
--------------------------------------------------------
--  Ref Constraints for Table KORISNICI
--------------------------------------------------------

  ALTER TABLE "WEB_TRGOVINA"."KORISNICI" ADD CONSTRAINT "KORISNICI_GRADOVI_FK" FOREIGN KEY ("GRADOVI_ID_GRAD")
	  REFERENCES "WEB_TRGOVINA"."GRADOVI" ("ID_GRAD") ENABLE;
  ALTER TABLE "WEB_TRGOVINA"."KORISNICI" ADD CONSTRAINT "KORISNICI_SPOLOVI_FK" FOREIGN KEY ("SPOLOVI_ID_SPOL")
	  REFERENCES "WEB_TRGOVINA"."SPOLOVI" ("ID_SPOL") ENABLE;
--------------------------------------------------------
--  Ref Constraints for Table KORISNICI_KATEGORIJE
--------------------------------------------------------

  ALTER TABLE "WEB_TRGOVINA"."KORISNICI_KATEGORIJE" ADD CONSTRAINT "KORISNICI2_KATEGORIJE_FK" FOREIGN KEY ("KORISNICI_ID_KORISNIK")
	  REFERENCES "WEB_TRGOVINA"."KORISNICI" ("ID_KORISNIK") ENABLE;
  ALTER TABLE "WEB_TRGOVINA"."KORISNICI_KATEGORIJE" ADD CONSTRAINT "KORISNICI_KATEGORIJE2_FK" FOREIGN KEY ("KATEGORIJE_ID_KATEGORIJE")
	  REFERENCES "WEB_TRGOVINA"."KATEGORIJE" ("ID_KATEGORIJE") ENABLE;
--------------------------------------------------------
--  Ref Constraints for Table PROIZVODI
--------------------------------------------------------

  ALTER TABLE "WEB_TRGOVINA"."PROIZVODI" ADD CONSTRAINT "PROIZVODI_KATEGORIJE_FK" FOREIGN KEY ("KATEGORIJE_ID_KATEGORIJE")
	  REFERENCES "WEB_TRGOVINA"."KATEGORIJE" ("ID_KATEGORIJE") ENABLE;
--------------------------------------------------------
--  Ref Constraints for Table PROIZVODI_SKLADIŠTA
--------------------------------------------------------

  ALTER TABLE "WEB_TRGOVINA"."PROIZVODI_SKLADIŠTA" ADD CONSTRAINT "PROIZVODI2_SKLADIŠTA_FK" FOREIGN KEY ("PROIZVODI_ID_PROIZVOD")
	  REFERENCES "WEB_TRGOVINA"."PROIZVODI" ("ID_PROIZVOD") ENABLE;
  ALTER TABLE "WEB_TRGOVINA"."PROIZVODI_SKLADIŠTA" ADD CONSTRAINT "PROIZVODI_SKLADIŠTA2_FK" FOREIGN KEY ("SKLADIŠTA_ID_SKLADIŠTE")
	  REFERENCES "WEB_TRGOVINA"."SKLADIŠTA" ("ID_SKLADIŠTE") ENABLE;
--------------------------------------------------------
--  Ref Constraints for Table RAÈUNI
--------------------------------------------------------

  ALTER TABLE "WEB_TRGOVINA"."RAÈUNI" ADD CONSTRAINT "RAÈUNI_KORISNICI_FK" FOREIGN KEY ("KORISNICI_ID_KORISNIK")
	  REFERENCES "WEB_TRGOVINA"."KORISNICI" ("ID_KORISNIK") ENABLE;
  ALTER TABLE "WEB_TRGOVINA"."RAÈUNI" ADD CONSTRAINT "RAÈUNI_VALUTE_FK" FOREIGN KEY ("VALUTE_ID_VALUTA")
	  REFERENCES "WEB_TRGOVINA"."VALUTE" ("ID_VALUTA") ENABLE;
  ALTER TABLE "WEB_TRGOVINA"."RAÈUNI" ADD CONSTRAINT "RAÈUNI_ZAPOSLENICI_FK" FOREIGN KEY ("ZAPOSLENICI_ID_ZAPOSLENIK")
	  REFERENCES "WEB_TRGOVINA"."ZAPOSLENICI" ("ID_ZAPOSLENIK") ENABLE;
--------------------------------------------------------
--  Ref Constraints for Table RAÈUNI_PROIZVODI
--------------------------------------------------------

  ALTER TABLE "WEB_TRGOVINA"."RAÈUNI_PROIZVODI" ADD CONSTRAINT "RAÈUNI_PROIZVODI_PROIZVODI_FK" FOREIGN KEY ("PROIZVODI_ID_PROIZVOD")
	  REFERENCES "WEB_TRGOVINA"."PROIZVODI" ("ID_PROIZVOD") ENABLE;
  ALTER TABLE "WEB_TRGOVINA"."RAÈUNI_PROIZVODI" ADD CONSTRAINT "RAÈUNI_PROIZVODI_RAÈUNI_FK" FOREIGN KEY ("RAÈUNI_ID_RAÈUNI")
	  REFERENCES "WEB_TRGOVINA"."RAÈUNI" ("ID_RAÈUNI") ENABLE;
--------------------------------------------------------
--  Ref Constraints for Table SKLADIŠTA
--------------------------------------------------------

  ALTER TABLE "WEB_TRGOVINA"."SKLADIŠTA" ADD CONSTRAINT "SKLADIŠTA_GRADOVI_FK" FOREIGN KEY ("GRADOVI_ID_GRAD")
	  REFERENCES "WEB_TRGOVINA"."GRADOVI" ("ID_GRAD") ENABLE;
--------------------------------------------------------
--  Ref Constraints for Table ZAPOSLENICI
--------------------------------------------------------

  ALTER TABLE "WEB_TRGOVINA"."ZAPOSLENICI" ADD CONSTRAINT "ZAPOSLENICI_FUNKCIJE_FK" FOREIGN KEY ("FUNKCIJE_ZAPOSLENIKA_ID2")
	  REFERENCES "WEB_TRGOVINA"."FUNKCIJE_ZAPOSLENIKA" ("ID_FUNKCIJA_ZAPOSLENIKA") ENABLE;
  ALTER TABLE "WEB_TRGOVINA"."ZAPOSLENICI" ADD CONSTRAINT "ZAPOSLENICI_GRADOVI_FK" FOREIGN KEY ("GRADOVI_ID_GRAD")
	  REFERENCES "WEB_TRGOVINA"."GRADOVI" ("ID_GRAD") ENABLE;
  ALTER TABLE "WEB_TRGOVINA"."ZAPOSLENICI" ADD CONSTRAINT "ZAPOSLENICI_SKLADIŠTA_FK" FOREIGN KEY ("SKLADIŠTA_ID_SKLADIŠTE")
	  REFERENCES "WEB_TRGOVINA"."SKLADIŠTA" ("ID_SKLADIŠTE") ENABLE;
  ALTER TABLE "WEB_TRGOVINA"."ZAPOSLENICI" ADD CONSTRAINT "ZAPOSLENICI_SPOLOVI_FK" FOREIGN KEY ("SPOLOVI_ID_SPOL")
	  REFERENCES "WEB_TRGOVINA"."SPOLOVI" ("ID_SPOL") ENABLE;
--------------------------------------------------------
--  DDL for Trigger DRZAVA_TRG
--------------------------------------------------------

  CREATE OR REPLACE TRIGGER "WEB_TRGOVINA"."DRZAVA_TRG" BEFORE
  INSERT ON DRŽAVE FOR EACH ROW  WHEN (NEW.ID_Države IS NULL) BEGIN :NEW.ID_Države := DRZAVA_SEQ.NEXTVAL;
END;
/
ALTER TRIGGER "WEB_TRGOVINA"."DRZAVA_TRG" ENABLE;
--------------------------------------------------------
--  DDL for Trigger FUNKCIJA_ZAPOSLENIKA_TRG
--------------------------------------------------------

  CREATE OR REPLACE TRIGGER "WEB_TRGOVINA"."FUNKCIJA_ZAPOSLENIKA_TRG" BEFORE
  INSERT ON FUNKCIJE_ZAPOSLENIKA FOR EACH ROW  WHEN (NEW.ID_Funkcija_zaposlenika IS NULL) BEGIN :NEW.ID_Funkcija_zaposlenika := FUNKCIJA_ZAPOSLENIKA_SEQ.NEXTVAL;
END;
/
ALTER TRIGGER "WEB_TRGOVINA"."FUNKCIJA_ZAPOSLENIKA_TRG" ENABLE;
--------------------------------------------------------
--  DDL for Trigger GRAD_TRG
--------------------------------------------------------

  CREATE OR REPLACE TRIGGER "WEB_TRGOVINA"."GRAD_TRG" BEFORE
  INSERT ON GRADOVI FOR EACH ROW  WHEN (NEW.ID_Grad IS NULL) BEGIN :NEW.ID_Grad := GRAD_SEQ.NEXTVAL;
END;
/
ALTER TRIGGER "WEB_TRGOVINA"."GRAD_TRG" ENABLE;
--------------------------------------------------------
--  DDL for Trigger KATEGORIJE_TRG
--------------------------------------------------------

  CREATE OR REPLACE TRIGGER "WEB_TRGOVINA"."KATEGORIJE_TRG" BEFORE
  INSERT ON KATEGORIJE FOR EACH ROW  WHEN (NEW.ID_Kategorije IS NULL) BEGIN :NEW.ID_Kategorije := KATEGORIJE_SEQ.NEXTVAL;
END;
/
ALTER TRIGGER "WEB_TRGOVINA"."KATEGORIJE_TRG" ENABLE;
--------------------------------------------------------
--  DDL for Trigger KONTINENT_TRG
--------------------------------------------------------

  CREATE OR REPLACE TRIGGER "WEB_TRGOVINA"."KONTINENT_TRG" BEFORE
  INSERT ON KONTINENTI FOR EACH ROW  WHEN (NEW.ID_Kontinenti IS NULL) BEGIN :NEW.ID_Kontinenti := KONTINENT_SEQ.NEXTVAL;
END;
/
ALTER TRIGGER "WEB_TRGOVINA"."KONTINENT_TRG" ENABLE;
--------------------------------------------------------
--  DDL for Trigger KORISNIK_TRG
--------------------------------------------------------

  CREATE OR REPLACE TRIGGER "WEB_TRGOVINA"."KORISNIK_TRG" BEFORE
  INSERT ON KORISNICI FOR EACH ROW  WHEN (NEW.ID_Korisnik IS NULL) BEGIN :NEW.ID_Korisnik := KORISNIK_SEQ.NEXTVAL;
END;
/
ALTER TRIGGER "WEB_TRGOVINA"."KORISNIK_TRG" ENABLE;
--------------------------------------------------------
--  DDL for Trigger PROIZVOD_TRG
--------------------------------------------------------

  CREATE OR REPLACE TRIGGER "WEB_TRGOVINA"."PROIZVOD_TRG" BEFORE
  INSERT ON PROIZVODI FOR EACH ROW  WHEN (NEW.ID_Proizvod IS NULL) BEGIN :NEW.ID_Proizvod := PROIZVOD_SEQ.NEXTVAL;
END;
/
ALTER TRIGGER "WEB_TRGOVINA"."PROIZVOD_TRG" ENABLE;
--------------------------------------------------------
--  DDL for Trigger RACUN_TRG
--------------------------------------------------------

  CREATE OR REPLACE TRIGGER "WEB_TRGOVINA"."RACUN_TRG" BEFORE
  INSERT ON RAÈUNI FOR EACH ROW  WHEN (NEW.ID_Raèuni IS NULL) BEGIN :NEW.ID_Raèuni := RACUN_SEQ.NEXTVAL;
END;
/
ALTER TRIGGER "WEB_TRGOVINA"."RACUN_TRG" ENABLE;
--------------------------------------------------------
--  DDL for Trigger STAVKA_TRG
--------------------------------------------------------

  CREATE OR REPLACE TRIGGER "WEB_TRGOVINA"."STAVKA_TRG" BEFORE
  INSERT ON RAÈUNI_PROIZVODI FOR EACH ROW  WHEN (NEW.ID_Stavka IS NULL) BEGIN :NEW.ID_Stavka := STAVKA_SEQ.NEXTVAL;
END;
/
ALTER TRIGGER "WEB_TRGOVINA"."STAVKA_TRG" ENABLE;
--------------------------------------------------------
--  DDL for Trigger SKLADISTE_TRG
--------------------------------------------------------

  CREATE OR REPLACE TRIGGER "WEB_TRGOVINA"."SKLADISTE_TRG" BEFORE
  INSERT ON SKLADIŠTA FOR EACH ROW  WHEN (NEW.ID_Skladište IS NULL) BEGIN :NEW.ID_Skladište := SKLADISTE_SEQ.NEXTVAL;
END;
/
ALTER TRIGGER "WEB_TRGOVINA"."SKLADISTE_TRG" ENABLE;
--------------------------------------------------------
--  DDL for Trigger SPOL_TRG
--------------------------------------------------------

  CREATE OR REPLACE TRIGGER "WEB_TRGOVINA"."SPOL_TRG" BEFORE
  INSERT ON SPOLOVI FOR EACH ROW  WHEN (NEW.ID_Spol IS NULL) BEGIN :NEW.ID_Spol := SPOL_SEQ.NEXTVAL;
END;
/
ALTER TRIGGER "WEB_TRGOVINA"."SPOL_TRG" ENABLE;
--------------------------------------------------------
--  DDL for Trigger VALUTA_TRG
--------------------------------------------------------

  CREATE OR REPLACE TRIGGER "WEB_TRGOVINA"."VALUTA_TRG" BEFORE
  INSERT ON VALUTE FOR EACH ROW  WHEN (NEW.ID_Valuta IS NULL) BEGIN :NEW.ID_Valuta := VALUTA_SEQ.NEXTVAL;
END;
/
ALTER TRIGGER "WEB_TRGOVINA"."VALUTA_TRG" ENABLE;
--------------------------------------------------------
--  DDL for Trigger ZAPOSLENIK_TRG
--------------------------------------------------------

  CREATE OR REPLACE TRIGGER "WEB_TRGOVINA"."ZAPOSLENIK_TRG" BEFORE
  INSERT ON ZAPOSLENICI FOR EACH ROW  WHEN (NEW.ID_Zaposlenik IS NULL) BEGIN :NEW.ID_Zaposlenik := ZAPOSLENIK_SEQ.NEXTVAL;
END;
/
ALTER TRIGGER "WEB_TRGOVINA"."ZAPOSLENIK_TRG" ENABLE;
